"GWO","kategoria","wydzial","jednostka.gl","zlozone","pozyskane","procent.sukcesu","kwota.calk","liczba.pracownikow","kwota.na.pracownika","dziedzina"
"HS1EK","A+","Wydział Nauk Ekonomicznych","Uniwersytet Warszawski",32,18,0.5625,3591970,85.5,42011.3450292398,"HS"
"HS1EK","B","Wydział Gospodarki Międzynarodowej","Uniwersytet Ekonomiczny w Poznaniu",23,10,0.434782608695652,2063867,50,41277.34,"HS"
"HS1EK","A+","Kolegium Analiz Ekonomicznych","Szkoła Główna Handlowa w Warszawie",15,7,0.466666666666667,4345249,114.5,37949.7729257642,"HS"
"HS1EK","A","Wydział Informatyki i Gospodarki Elektronicznej","Uniwersytet Ekonomiczny w Poznaniu",12,5,0.416666666666667,969180,44,22026.8181818182,"HS"
"HS1EK","A","Wydział Ekonomiczno-Socjologiczny","Uniwersytet Łódzki",52,12,0.230769230769231,4476965,354.08,12643.936398554,"HS"
"HS1EK","A","Wydział Towaroznawstwa","Uniwersytet Ekonomiczny w Poznaniu",15,2,0.133333333333333,852930,74,11526.0810810811,"HS"
"HS1EK","B","Wydział Ekonomiczny","Uniwersytet Marii Curie-Skłodowskiej",13,3,0.230769230769231,1174528,104,11293.5384615385,"HS"
"HS1EK","A","Kolegium Ekonomiczno-Społeczne","Szkoła Główna Handlowa w Warszawie",12,4,0.333333333333333,781730,74,10563.9189189189,"HS"
"HS1EK","A","Wydział Ekonomii","Uniwersytet Ekonomiczny w Katowicach",13,5,0.384615384615385,1070092,109,9817.35779816514,"HS"
"HS1EK","A","Kolegium Gospodarki Światowej","Szkoła Główna Handlowa w Warszawie",12,3,0.25,750886,85.3,8802.88393903869,"HS"
"HS1EK","A","Wydział Ekonomii, Zarządzania i Turystyki","Uniwersytet Ekonomiczny we Wrocławiu",8,4,0.5,763835,91,8393.79120879121,"HS"
"HS1EK","A+","Kolegium Zarządzania i Finansów","Szkoła Główna Handlowa w Warszawie",15,4,0.266666666666667,1015000,131,7748.09160305344,"HS"
"HS1EK","A","Wydział Ekonomii i Stosunków Międzynarodowych","Uniwersytet Ekonomiczny w Krakowie",26,7,0.269230769230769,1235177,168,7352.24404761905,"HS"
"HS1EK","A","","Akademia Leona Koźmińskiego",19,8,0.421052631578947,1103932,152.5,7238.89836065574,"HS"
"HS1EK","A","Kolegium Nauk o Przedsiębiorstwie","Szkoła Główna Handlowa w Warszawie",11,1,0.0909090909090909,599787,90,6664.3,"HS"
"HS1EK","B","Wydział Organizacji i Zarządzania","Politechnika Łódzka",20,4,0.2,494484,79,6259.29113924051,"HS"
"HS1EK","B","Wydział Nauk Ekonomicznych i Zarządzania","Uniwersytet Mikołaja Kopernika w Toruniu",17,4,0.235294117647059,558790,92,6073.80434782609,"HS"
"HS1EK","A","Wydział Zarządzania, Informatyki i Finansów","Uniwersytet Ekonomiczny we Wrocławiu",31,6,0.193548387096774,1204852,202,5964.61386138614,"HS"
"HS1EK","A","Wydział Zarządzania","Uniwersytet Ekonomiczny w Poznaniu",26,3,0.115384615384615,646120,115,5618.4347826087,"HS"
"HS1EK","A","Wydział Zarządzania","Uniwersytet Ekonomiczny w Krakowie",14,3,0.214285714285714,879947,158,5569.28481012658,"HS"
"HS1EK","A","Wydział Ekonomii","Uniwersytet Ekonomiczny w Poznaniu",20,6,0.3,553720,104,5324.23076923077,"HS"
"HS1EK","B","Wydział Organizacji i Zarządzania","Politechnika Śląska",13,3,0.230769230769231,748625,152,4925.16447368421,"HS"
"HS1EK","A","Wydział Zarządzania","Uniwersytet Łódzki",14,3,0.214285714285714,528970,110.5,4787.05882352941,"HS"
"HS1EK","A","Wydział Inżynieryjno-Ekonomiczny","Uniwersytet Ekonomiczny we Wrocławiu",13,4,0.307692307692308,488456,109,4481.24770642202,"HS"
"HS1EK","B","Wydział Zarządzania i Ekonomii","Politechnika Gdańska",19,2,0.105263157894737,385450,87,4430.45977011494,"HS"
"HS1EK","A","Wydział Zarządzania","Akademia Górniczo-Hutnicza im. Stanisława Staszica w 
Krakowie",15,1,0.0666666666666667,482320,121,3986.11570247934,"HS"
"HS1EK","B","Wydział Informatyki i Komunikacji","Uniwersytet Ekonomiczny w Katowicach",11,3,0.272727272727273,242550,66,3675,"HS"
"HS1EK","B","Wydział Ekonomiczno-Społeczny","Uniwersytet Przyrodniczy w Poznaniu",15,3,0.2,275620,81,3402.71604938272,"HS"
"HS1EK","B","","Wyższa Szkoła Bankowa w Gdańsku",4,1,0.25,181322,62,2924.54838709677,"HS"
"HS1EK","A","Wydział Zastosowań Informatyki i Matematyki","Szkoła Główna Gospodarstwa Wiejskiego w Warszawie",3,1,0.333333333333333,190057,74,2568.33783783784,"HS"
"HS1EK","A","Wydział Zarządzania","Uniwersytet Ekonomiczny w Katowicach",9,2,0.222222222222222,280932,110,2553.92727272727,"HS"
"HS1EK","B","Wydział Nauk Społecznych i Informatyki","Wyższa Szkoła Biznesu - National Louis University",2,1,0.5,120170,48,2503.54166666667,"HS"
"HS1EK","B","Wydział Zarządzania i Ekonomiki Usług","Uniwersytet Szczeciński",23,3,0.130434782608696,360240,146.83,2453.44956752707,"HS"
"HS1EK","B","Wydział Zarządzania","Uniwersytet Gdański",19,2,0.105263157894737,337499,142,2376.75352112676,"HS"
"HS1EK","B","Wydział Nauk Ekonomicznych","Politechnika Koszalińska",6,1,0.166666666666667,95577,52,1838.01923076923,"HS"
"HS1EK","B","Wydział Zarządzania","Politechnika Częstochowska",2,1,0.5,336400,204,1649.01960784314,"HS"
"HS1EK","B","Wydział Nauk Ekonomicznych","Szkoła Główna Gospodarstwa Wiejskiego w Warszawie",6,1,0.166666666666667,171890,121,1420.57851239669,"HS"
"HS1EK","A","Wydział Nauk Ekonomicznych","Uniwersytet Ekonomiczny we Wrocławiu",30,2,0.0666666666666667,224365,169,1327.60355029586,"HS"
"HS1EK","B","Wydział Nauk Ekonomicznych","Uniwersytet Warmińsko-Mazurski w Olsztynie",6,1,0.166666666666667,123890,111,1116.12612612613,"HS"
"HS1EK","B","Wydział Finansów i Ubezpieczeń","Uniwersytet Ekonomiczny w Katowicach",9,1,0.111111111111111,79947,94,850.5,"HS"
"HS1EK","B","Wydział Zarządzania","Politechnika Warszawska",10,1,0.1,47900,56.5,847.787610619469,"HS"
"HS1EK","A","Wydział Nauk Ekonomicznych i Zarządzania","Uniwersytet Szczeciński",14,1,0.0714285714285714,80000,168.5,474.777448071217,"HS"
"HS1EK","B","Wydział Ekonomiczny","Wyższa Szkoła Informatyki i Zarządzania w Rzeszowie",3,0,0,0,31,0,"HS"
"HS1EK","A","Wydział Finansów","Uniwersytet Ekonomiczny w Krakowie",9,0,0,0,129,0,"HS"
"HS1EK","B","Wydział Ekonomii i Zarządzania","Uniwersytet w Białymstoku",3,0,0,0,77,0,"HS"
"HS1EK","B","Wydział Zarządzania","Politechnika Białostocka",11,0,0,0,116,0,"HS"
"HS1EK","A","Wydział Zarządzania","Uniwersytet Warszawski",8,0,0,0,46,0,"HS"
"HS1EK","B","Wydział Finansów i Zarządzania","Wyższa Szkoła Bankowa we Wrocławiu",9,0,0,0,135,0,"HS"
"HS1EK","B","Wydział Ekonomii i Zarządzania","Uniwersytet Zielonogórski",13,0,0,0,68,0,"HS"
"HS1EK","A","Wydział Zarządzania i Finansów","Wyższa Szkoła Finansów i Zarządzania w Warszawie",13,0,0,0,38,0,"HS"
"HS1EK","B","Wydział Inżynierii Zarządzania","Politechnika Poznańska",7,0,0,0,106,0,"HS"
"HS1EK","B","Wydział Ekonomii","Uniwersytet Rzeszowski",5,0,0,0,45,0,"HS"
"HS1EK","B","Wydział Przedsiębiorczości i Towaroznawstwa","Akademia Morska w Gdyni",9,0,0,0,101,0,"HS"
"HS1EK","B","Wydział Ekonomiczny","Uniwersytet Technologiczno-Humanistyczny im. 
Kazimierza Pułaskiego w Radomiu",7,0,0,0,49,0,"HS"
"HS1EK","B","Wydział Ekonomiczny","Uniwersytet Opolski",6,0,0,0,47,0,"HS"
"HS1EK","B","Wydział Zarządzania","Politechnika Rzeszowska im. Ignacego Łukasiewicza",5,0,0,0,126,0,"HS"
"HS1EK","B","Wydział Finansów i Bankowości","Wyższa Szkoła Bankowa w Poznaniu",6,0,0,0,85,0,"HS"
"HS1EK","B","Wydział Ekonomii i Zarządzania","Politechnika Opolska",3,0,0,0,55.5,0,"HS"
"HS1EK","B","","Wyższa Szkoła Bankowa w Toruniu",4,0,0,0,64,0,"HS"
"HS1EK","B","Wydział Zarządzania i Logistyki","Wyższa Szkoła Logistyki w Poznaniu",1,0,0,0,24,0,"HS"
"HS1EK","B","Wydział Zarządzania","Politechnika Lubelska",2,0,0,0,60,0,"HS"
"HS1EK","B","Wydział Zarządzania","Uniwersytet Technologiczno-Przyrodniczy im. Jana i 
Jędrzeja Śniadeckich w Bydgoszczy",5,0,0,0,39,0,"HS"
"HS1EK","B","Wydział Ekonomiczny","Zachodniopomorski Uniwersytet Technologiczny w 
Szczecinie",3,0,0,0,58.5,0,"HS"
"HS1EK","A","Wydział Zarządzania","Społeczna Akademia Nauk",1,0,0,0,131,0,"HS"
"HS1EK","B","Wydział Nauk Ekonomicznych i Prawnych","Uniwersytet Przyrodniczo-Humanistyczny w Siedlcach",4,0,0,0,50,0,"HS"
"HS1EK","A","Wydział Zarządzania, Informatyki i Nauk Społecznych","Wyższa Szkoła Biznesu w Dąbrowie Górniczej",2,0,0,0,62,0,"HS"
"HS1EK","B","Wydział Ekonomii i Zarządzania","Uczelnia Łazarskiego",2,0,0,0,40,0,"HS"
"HS1EK","B","","Wyższa Szkoła Gospodarki Euroregionalnej im. Alcide De 
Gasperi w Józefowie",2,0,0,0,52,0,"HS"
"HS1EK","B","Kolegium Nauk Ekonomicznych i Społecznych","Politechnika Warszawska",1,0,0,0,11,0,"HS"
"HS1EK","B","Instytut Zarządzania Ryzykiem","Akademia Finansów i Biznesu Vistula",7,3,0.428571428571429,861395,NA,NA,"HS"
"HS1EK","B","Wydział Zarządzania i Informatyki","Akademia Techniczno-Humanistyczna w Bielsku-Białej",4,0,0,0,NA,NA,"HS"
"HS1EK","B","","Szkoła Wyższa im. Bogdana Jańskiego",2,0,0,0,NA,NA,"HS"
"HS1EK","B","Wydział Menedżerski","Wyższa Szkoła Menedżerska w Warszawie",1,1,1,302025,NA,NA,"HS"
"HS2EK","A","","Instytut Rozwoju Wsi i Rolnictwa PAN",2,1,0.5,995636,22.35,44547.4720357942,"HS"
"HS2EK","B","","Instytut Nauk Ekonomicznych PAN",1,1,1,182000,26,7000,"HS"
"HS3EK","A","","Instytut Pracy i Spraw Socjalnych",7,4,0.571428571428571,949812,46,20648.0869565217,"HS"
"HS3EK","B","","Instytut Badań Rynku, Konsumpcji i Koniunktur",2,2,1,413600,34.5,11988.4057971014,"HS"
"HS1FB","A","Wydział „Artes Liberales”","Uniwersytet Warszawski",12,5,0.416666666666667,2934246,46.3,63374.6436285097,"HS"
"HS1FB","A","Wydział Anglistyki","Uniwersytet im. Adama Mickiewicza w Poznaniu",27,9,0.333333333333333,2197126,89,24686.808988764,"HS"
"HS1FB","A","Wydział Polonistyki","Uniwersytet Warszawski",44,10,0.227272727272727,2880964,162.1,17772.7575570635,"HS"
"HS1FB","A+","Wydział Polonistyki","Uniwersytet Jagielloński",54,13,0.240740740740741,1499452,145,10341.0482758621,"HS"
"HS1FB","B","Wydział Filologiczny","Uniwersytet Jagielloński",23,9,0.391304347826087,1893757,237.36,7978.41675092686,"HS"
"HS1FB","B","Wydział Neofilologii","Uniwersytet im. Adama Mickiewicza w Poznaniu",31,9,0.290322580645161,1857926,245.5,7567.9266802444,"HS"
"HS1FB","A","Wydział Filologiczny","Uniwersytet Wrocławski",31,3,0.0967741935483871,2103625,313.21,6716.34047444207,"HS"
"HS1FB","A","Wydział Filologiczny","Uniwersytet Śląski w Katowicach",17,5,0.294117647058824,2506440,374.5,6692.76368491322,"HS"
"HS1FB","A+","Wydział Filologii Polskiej i Klasycznej","Uniwersytet im. Adama Mickiewicza w Poznaniu",49,10,0.204081632653061,1404819,217,6473.8202764977,"HS"
"HS1FB","B","Wydział Filologiczny","Uniwersytet Łódzki",22,8,0.363636363636364,1817350,297,6119.02356902357,"HS"
"HS1FB","A","Wydział Orientalistyczny","Uniwersytet Warszawski",10,4,0.4,368933,80,4611.6625,"HS"
"HS1FB","B","Wydział Filologiczny","Uniwersytet w Białymstoku",3,2,0.666666666666667,390563,94.5,4132.9417989418,"HS"
"HS1FB","A","Wydział Lingwistyki Stosowanej","Uniwersytet Warszawski",16,4,0.25,475601,117,4064.96581196581,"HS"
"HS1FB","B","Wydział Humanistyczny","Uniwersytet Marii Curie-Skłodowskiej",13,5,0.384615384615385,1291556,360,3587.65555555556,"HS"
"HS1FB","B","Wydział Nauk Humanistycznych","Uniwersytet Kardynała Stefana Wyszyńskiego w 
Warszawie",7,2,0.285714285714286,185724,65,2857.29230769231,"HS"
"HS1FB","B","Wydział Nauk Humanistycznych","Katolicki Uniwersytet Lubelski Jana Pawła II",18,3,0.166666666666667,459824,258,1782.26356589147,"HS"
"HS1FB","A","Wydział Filologiczny","Uniwersytet Mikołaja Kopernika w Toruniu",6,2,0.333333333333333,219786,129,1703.76744186047,"HS"
"HS1FB","B","Wydział Humanistyczny","Uniwersytet Warmińsko-Mazurski w Olsztynie",16,2,0.125,231530,177,1308.0790960452,"HS"
"HS1FB","B","Wydział Neofilologii","Uniwersytet Warszawski",10,2,0.2,216810,166.25,1304.12030075188,"HS"
"HS1FB","B","Wydział Filologiczny","Uniwersytet Gdański",13,1,0.0769230769230769,87963,241,364.991701244813,"HS"
"HS1FB","B","Wydział Filologiczny","Uniwersytet Opolski",7,1,0.142857142857143,34200,113,302.654867256637,"HS"
"HS1FB","B","Wydział Filologiczny","Uniwersytet Pedagogiczny im. Komisji Edukacji 
Narodowej w Krakowie",13,0,0,0,175,0,"HS"
"HS1FB","B","Wydział Filologiczny","Uniwersytet Rzeszowski",2,0,0,0,112,0,"HS"
"HS1FB","B","Wydział Humanistyczno-Społeczny","Akademia Techniczno-Humanistyczna w Bielsku-Białej",4,0,0,0,57.5,0,"HS"
"HS1FB","B","Wydział Kulturoznawstwa i Filologii","Uniwersytet SWPS",10,3,0.3,1351638,NA,NA,"HS"
"HS2FB","A+","","Instytut Badań Literackich PAN",24,9,0.375,2705106,101.5,26651.2906403941,"HS"
"HS2FB","A","","Instytut Slawistyki PAN",6,3,0.5,778818,64.16,12138.6845386534,"HS"
"HS2FB","A","","Instytut Języka Polskiego PAN",18,0,0,0,76,0,"HS"
"HS1HS","A+","Wydział Historyczny","Uniwersytet Warszawski",89,35,0.393258426966292,9003699,267,33721.7191011236,"HS"
"HS1HS","B","Centrum Archeologii Śródziemnomorskiej im. prof. 
Kazimierza Michałowskiego","Uniwersytet Warszawski",6,1,0.166666666666667,417700,14,29835.7142857143,"HS"
"HS1HS","A+","Wydział Historyczny","Uniwersytet im. Adama Mickiewicza w Poznaniu",41,14,0.341463414634146,3255505,211.95,15359.7782495872,"HS"
"HS1HS","A","Wydział Historyczny","Uniwersytet Jagielloński",50,14,0.28,2462345,173,14233.2080924855,"HS"
"HS1HS","A+","Wydział Nauk Historycznych i Pedagogicznych","Uniwersytet Wrocławski",37,9,0.243243243243243,2065338,248,8327.97580645161,"HS"
"HS1HS","B","Wydział Humanistyczny","Uniwersytet Pedagogiczny im. Komisji Edukacji 
Narodowej w Krakowie",29,6,0.206896551724138,837040,123,6805.20325203252,"HS"
"HS1HS","B","Wydział Socjologiczno-Historyczny","Uniwersytet Rzeszowski",13,4,0.307692307692308,740880,123,6023.41463414634,"HS"
"HS1HS","A","Wydział Nauk Historycznych","Uniwersytet Mikołaja Kopernika w Toruniu",28,4,0.142857142857143,601169,125,4809.352,"HS"
"HS1HS","B","Wydział Humanistyczny","Uniwersytet Zielonogórski",21,4,0.19047619047619,585910,149,3932.28187919463,"HS"
"HS1HS","A","Wydział Historyczno-Socjologiczny","Uniwersytet w Białymstoku",15,1,0.0666666666666667,285000,82.5,3454.54545454545,"HS"
"HS1HS","B","Wydział Filozoficzno-Historyczny","Uniwersytet Łódzki",19,3,0.157894736842105,351640,130.5,2694.55938697318,"HS"
"HS1HS","B","Wydział Humanistyczny","Uniwersytet Kazimierza Wielkiego",3,2,0.666666666666667,252850,154,1641.88311688312,"HS"
"HS1HS","B","Wydział Humanistyczny","Uniwersytet Szczeciński",18,3,0.166666666666667,238430,199.5,1195.13784461153,"HS"
"HS1HS","B","Wydział Filologiczno-Historyczny","Akademia im. Jana Długosza w Częstochowie",11,1,0.0909090909090909,47800,106,450.943396226415,"HS"
"HS1HS","B","Wydział Humanistyczny","Uniwersytet Jana Kochanowskiego w Kielcach",7,1,0.142857142857143,53937,124,434.975806451613,"HS"
"HS1HS","A","Ośrodek Badań nad Antykiem Europy Południowo-
Wschodniej","Uniwersytet Warszawski",2,0,0,0,6.5,0,"HS"
"HS1HS","A","Wydział Historyczny","Uniwersytet Gdański",9,0,0,0,82,0,"HS"
"HS1HS","B","Filia w Piotrkowie Trybunalskim Wydział Filologiczno-
Historyczny","Uniwersytet Jana Kochanowskiego w Kielcach",2,0,0,0,49,0,"HS"
"HS1HS","B","Wydział Filologiczno-Historyczny","Akademia Pomorska w Słupsku",6,0,0,0,96,0,"HS"
"HS2HS","B","","Instytut Kultur Śródziemnomorskich i Orientalnych PAN",14,5,0.357142857142857,458153,24.35,18815.318275154,"HS"
"HS2HS","A+","","Instytut Historii im. Tadeusza Manteuffla PAN",27,6,0.222222222222222,1397498,113.75,12285.6967032967,"HS"
"HS2HS","A","","Instytut Archeologii i Etnologii PAN",27,6,0.222222222222222,1405210,127.4,11029.9058084772,"HS"
"HS2HS","A+","","Instytut Sztuki PAN",8,3,0.375,349860,57.5,6084.52173913043,"HS"
"HS2HS","A","","Instytut Historii Nauki im. Ludwika i Aleksandra 
Birkenmajerów PAN",4,0,0,0,33,0,"HS"
"HS3HS","B","","Instytut Europy Środkowo-Wschodniej",1,1,1,1510000,7,215714.285714286,"HS"
"HS3HS","B","","Państwowy Instytut Naukowy - Instytut Śląski w Opolu",3,1,0.333333333333333,553200,18,30733.3333333333,"HS"
"HS3HS","A","","Instytut Zachodni - Instytut Naukowo-Badawczy im. 
Zygmunta Wojciechowskiego",5,1,0.2,88700,18,4927.77777777778,"HS"
"HS1PR","B","Wydział Prawa i Nauk Społecznych","Uniwersytet SWPS",3,2,0.666666666666667,1587981,21,75618.1428571429,"HS"
"HS1PR","B","Wydział Prawa, Administracji i Ekonomii","Uniwersytet Wrocławski",30,9,0.3,3301311,206,16025.7815533981,"HS"
"HS1PR","B","Wydział Prawa i Administracji","Uniwersytet Kardynała Stefana Wyszyńskiego w 
Warszawie",16,5,0.3125,1357395,99,13711.0606060606,"HS"
"HS1PR","A+","Wydział Prawa i Administracji","Uniwersytet Jagielloński",44,14,0.318181818181818,1976226,188.33,10493.4211224977,"HS"
"HS1PR","A","Wydział Prawa i Administracji","Uniwersytet im. Adama Mickiewicza w Poznaniu",26,8,0.307692307692308,1025312,121.3,8452.69579554823,"HS"
"HS1PR","B","Wydział Prawa i Administracji","Uniwersytet Łódzki",12,7,0.583333333333333,811200,171.41,4732.51268887463,"HS"
"HS1PR","A","Wydział Prawa i Administracji","Uniwersytet Gdański",8,2,0.25,429900,119,3612.60504201681,"HS"
"HS1PR","A","Wydział Prawa i Administracji","Uniwersytet Warszawski",15,3,0.2,552034,162,3407.61728395062,"HS"
"HS1PR","B","Wydział Prawa, Administracji i Stosunków 
Międzynarodowych","Krakowska Akademia im. Andrzeja Frycza 
Modrzewskiego",6,1,0.166666666666667,177875,76,2340.46052631579,"HS"
"HS1PR","A","Wydział Prawa i Administracji","Uniwersytet Śląski w Katowicach",4,1,0.25,186160,102.5,1816.19512195122,"HS"
"HS1PR","B","Wydział Prawa, Prawa Kanonicznego i Administracji","Katolicki Uniwersytet Lubelski Jana Pawła II",10,1,0.1,239672,135,1775.34814814815,"HS"
"HS1PR","B","Wydział Prawa i Administracji","Uniwersytet Warmińsko-Mazurski w Olsztynie",7,1,0.142857142857143,100620,143,703.636363636364,"HS"
"HS1PR","B","Wydział Prawa i Administracji","Uniwersytet Opolski",3,0,0,0,46,0,"HS"
"HS1PR","B","Wydział Prawa Kanonicznego","Uniwersytet Kardynała Stefana Wyszyńskiego w 
Warszawie",1,0,0,0,25,0,"HS"
"HS1PR","B","Wydział Prawa i Administracji","Uniwersytet Marii Curie-Skłodowskiej",4,0,0,0,132,0,"HS"
"HS1PR","A","Wydział Prawa","Uniwersytet w Białymstoku",12,0,0,0,105,0,"HS"
"HS1PR","B","Wydział Prawa i Administracji","Uczelnia Łazarskiego",2,0,0,0,39.5,0,"HS"
"HS1PR","B","Wydział Prawa i Administracji","Wyższa Szkoła Finansów i Zarządzania w Warszawie",3,0,0,0,16,0,"HS"
"HS1PR","B","Wydział Zamiejscowy Nauk Prawnych i Ekonomicznych 
w Tomaszowie Lubelskim","Katolicki Uniwersytet Lubelski Jana Pawła II",1,0,0,0,37,0,"HS"
"HS1PR","B","Wydział Prawa i Administracji","Uniwersytet Szczeciński",3,0,0,0,66,0,"HS"
"HS1PR","B","Wydział Prawa i Administracji","Uniwersytet Rzeszowski",1,0,0,0,85,0,"HS"
"HS1PR","B","Wydział Prawa i Administracji","Wyższa Szkoła Menedżerska w Warszawie",1,0,0,0,NA,NA,"HS"
"HS2PR","A","","Instytut Nauk Prawnych PAN",16,9,0.5625,870164,63,13812.126984127,"HS"
"HS1SP","A","Instytut Studiów Społecznych im. prof. Roberta B. 
Zajonca","Uniwersytet Warszawski",8,4,0.5,2821452,9,313494.666666667,"HS"
"HS1SP","A","Ośrodek Badań nad Migracjami","Uniwersytet Warszawski",2,2,1,2315566,9.7,238718.144329897,"HS"
"HS1SP","A","Wydział Filozoficzny","Uniwersytet Jagielloński",94,32,0.340425531914894,11207404,236,47489,"HS"
"HS1SP","A+","Wydział Psychologii","Uniwersytet Warszawski",16,9,0.5625,2925422,77,37992.4935064935,"HS"
"HS1SP","A+","Wydział Zamiejscowy we Wrocławiu","Uniwersytet SWPS",11,3,0.272727272727273,860506,30.5,28213.3114754098,"HS"
"HS1SP","A","Instytut Ameryk i Europy","Uniwersytet Warszawski",10,3,0.3,772950,39,19819.2307692308,"HS"
"HS1SP","A","Wydział Psychologii","Uniwersytet SWPS",27,9,0.333333333333333,1206284,73,16524.4383561644,"HS"
"HS1SP","B","Wydział Stosowanych Nauk Społecznych","Akademia Pedagogiki Specjalnej im. Marii 
Grzegorzewskiej",9,4,0.444444444444444,1442159,89,16204.0337078652,"HS"
"HS1SP","A","Wydział Filozofii i Socjologii","Uniwersytet Warszawski",46,15,0.326086956521739,2192451,137,16003.2919708029,"HS"
"HS1SP","B","Wydział Stosowanych Nauk Społecznych i 
Resocjalizacji","Uniwersytet Warszawski",13,5,0.384615384615385,1425220,95,15002.3157894737,"HS"
"HS1SP","A","Wydział Nauk Politycznych i Dziennikarstwa","Uniwersytet im. Adama Mickiewicza w Poznaniu",21,3,0.142857142857143,693920,69,10056.8115942029,"HS"
"HS1SP","B","Wydział Nauk Pedagogicznych","Akademia Pedagogiki Specjalnej im. Marii 
Grzegorzewskiej",7,2,0.285714285714286,1142601,139,8220.15107913669,"HS"
"HS1SP","B","Wydział Politologii","Uniwersytet Marii Curie-Skłodowskiej",17,4,0.235294117647059,719730,93,7739.03225806452,"HS"
"HS1SP","B","Wydział Studiów Międzynarodowych i Politycznych","Uniwersytet Jagielloński",39,8,0.205128205128205,1350950,185.83,7269.81649895065,"HS"
"HS1SP","A","Wydział Nauk Społecznych","Katolicki Uniwersytet Lubelski Jana Pawła II",15,5,0.333333333333333,1101466,209,5270.17224880383,"HS"
"HS1SP","B","Wydział Nauk Społecznych","Uniwersytet Śląski w Katowicach",31,5,0.161290322580645,825669,166,4973.90963855422,"HS"
"HS1SP","B","Wydział Administracji i Nauk Społecznych","Wyższa Szkoła Informatyki i Zarządzania w Rzeszowie",3,2,0.666666666666667,212030,45,4711.77777777778,"HS"
"HS1SP","B","Wydział Studiów Międzynarodowych i 
Politologicznych","Uniwersytet Łódzki",7,2,0.285714285714286,279096,62,4501.54838709677,"HS"
"HS1SP","A","Wydział Dziennikarstwa i Nauk Politycznych","Uniwersytet Warszawski",36,7,0.194444444444444,842120,189,4455.66137566138,"HS"
"HS1SP","B","Wydział Nauk Społecznych i Dziennikarstwa","Dolnośląska Szkoła Wyższa",3,1,0.333333333333333,127120,33,3852.12121212121,"HS"
"HS1SP","A","Wydział Zarządzania i Komunikacji Społecznej","Uniwersytet Jagielloński",22,3,0.136363636363636,686026,183.5,3738.56130790191,"HS"
"HS1SP","B","Wydział Nauk Społecznych","Uniwersytet Wrocławski",35,8,0.228571428571429,712425,202,3526.85643564356,"HS"
"HS1SP","A","Wydział Psychologii","Wyższa Szkoła Finansów i Zarządzania w Warszawie",13,1,0.0769230769230769,130400,37,3524.32432432432,"HS"
"HS1SP","B","Wydział Nauk Społecznych","Uniwersytet Gdański",18,6,0.333333333333333,693190,256,2707.7734375,"HS"
"HS1SP","A","Wydział Politologii i Studiów Międzynarodowych","Uniwersytet Mikołaja Kopernika w Toruniu",10,2,0.2,128062,59,2170.54237288136,"HS"
"HS1SP","B","Wydział Historyczno-Pedagogiczny","Uniwersytet Opolski",11,2,0.181818181818182,355940,167,2131.37724550898,"HS"
"HS1SP","B","Wydział Nauk Pedagogicznych","Dolnośląska Szkoła Wyższa",4,1,0.25,90625,62.25,1455.82329317269,"HS"
"HS1SP","B","Wydział Nauk o Bezpieczeństwie","Wyższa Szkoła Oficerska Wojsk Lądowych im. Generała 
Tadeusza Kościuszki we Wrocławiu",2,1,0.5,48000,36,1333.33333333333,"HS"
"HS1SP","A","Wydział Studiów Edukacyjnych","Uniwersytet im. Adama Mickiewicza w Poznaniu",8,1,0.125,162120,123,1318.0487804878,"HS"
"HS1SP","B","Wydział Nauk o Wychowaniu","Uniwersytet Łódzki",6,1,0.166666666666667,96084,111,865.621621621622,"HS"
"HS1SP","A","Wydział Nauk Społecznych","Uniwersytet im. Adama Mickiewicza w Poznaniu",47,2,0.0425531914893617,171860,216.5,793.810623556582,"HS"
"HS1SP","B","Wydział Nauk Społecznych","Uniwersytet Warmińsko-Mazurski w Olsztynie",11,1,0.0909090909090909,82238,121,679.652892561983,"HS"
"HS1SP","B","Wydział Zamiejscowy w Sopocie","Uniwersytet SWPS",4,0,0,0,25,0,"HS"
"HS1SP","B","Wydział Nauk Historycznych i Społecznych","Uniwersytet Kardynała Stefana Wyszyńskiego w 
Warszawie",3,0,0,0,148,0,"HS"
"HS1SP","B","Wydział Pedagogiki i Psychologii","Uniwersytet Śląski w Katowicach",5,0,0,0,135,0,"HS"
"HS1SP","B","Wydział Filozofii i Socjologii","Uniwersytet Marii Curie-Skłodowskiej",4,0,0,0,82,0,"HS"
"HS1SP","B","Wydział Etnologii i Nauk o Edukacji w Cieszynie","Uniwersytet Śląski w Katowicach",7,0,0,0,84,0,"HS"
"HS1SP","B","Wydział Pedagogiki, Socjologii i Nauk o Zdrowiu","Uniwersytet Zielonogórski",14,0,0,0,106,0,"HS"
"HS1SP","B","Wydział Pedagogiki i Psychologii","Uniwersytet Kazimierza Wielkiego",6,0,0,0,90,0,"HS"
"HS1SP","B","Wydział Pedagogiki i Psychologii","Uniwersytet Marii Curie-Skłodowskiej",11,0,0,0,119,0,"HS"
"HS1SP","B","Wydział Pedagogiczny","Uniwersytet Warszawski",7,0,0,0,51,0,"HS"
"HS1SP","A","Wydział Nauk Pedagogicznych","Uniwersytet Mikołaja Kopernika w Toruniu",3,0,0,0,51.5,0,"HS"
"HS1SP","B","Wydział Zarządzania i Administracji","Uniwersytet Jana Kochanowskiego w Kielcach",6,0,0,0,115,0,"HS"
"HS1SP","B","Wydział Humanistyczny","Uniwersytet Przyrodniczo-Humanistyczny w Siedlcach",6,0,0,0,147,0,"HS"
"HS1SP","B","Wydział Pedagogiki i Psychologii","Uniwersytet w Białymstoku",3,0,0,0,96,0,"HS"
"HS1SP","B","Wydział Nauk Społecznych","Akademia im. Jana Długosza w Częstochowie",4,0,0,0,53,0,"HS"
"HS1SP","A","","Collegium Civitas",3,0,0,0,30,0,"HS"
"HS1SP","B","Wydział Psychologii i Nauk Humanistycznych","Krakowska Akademia im. Andrzeja Frycza 
Modrzewskiego",4,0,0,0,53,0,"HS"
"HS1SP","B","Wydział Administracji i Nauk Społecznych","Politechnika Warszawska",3,0,0,0,57.9,0,"HS"
"HS1SP","B","Wydział Nauk Humanistycznych i Społecznych","Akademia Marynarki Wojennej im. Bohaterów 
Westerplatte",3,0,0,0,19,0,"HS"
"HS1SP","B","Wydział Nauk Pedagogicznych","Uniwersytet Kardynała Stefana Wyszyńskiego w 
Warszawie",3,0,0,0,32,0,"HS"
"HS1SP","B","Wydział Administracji i Nauk Społecznych","Uniwersytet Kazimierza Wielkiego",3,0,0,0,54,0,"HS"
"HS1SP","B","Wydział Pedagogiczny","Uniwersytet Pedagogiczny im. Komisji Edukacji 
Narodowej w Krakowie",1,0,0,0,172,0,"HS"
"HS1SP","A","Wydział Zarządzania i Dowodzenia","Akademia Obrony Narodowej",2,0,0,0,105,0,"HS"
"HS1SP","B","Wydział Zamiejscowy Nauk o Społeczeństwie w 
Stalowej Woli","Katolicki Uniwersytet Lubelski Jana Pawła II",2,0,0,0,93,0,"HS"
"HS1SP","B","Wydział Nauk Społecznych","Szkoła Główna Gospodarstwa Wiejskiego w Warszawie",1,0,0,0,54,0,"HS"
"HS1SP","B","Wydział Politologii","Wyższa Szkoła Finansów i Zarządzania w Warszawie",2,0,0,0,11,0,"HS"
"HS1SP","B","Wydział Dowodzenia i Operacji Morskich","Akademia Marynarki Wojennej im. Bohaterów 
Westerplatte",2,0,0,0,30,0,"HS"
"HS1SP","B","Wydział Studiów nad Rodziną","Uniwersytet Kardynała Stefana Wyszyńskiego w 
Warszawie",1,0,0,0,17,0,"HS"
"HS1SP","B","Centrum Europejskie","Uniwersytet Warszawski",1,0,0,0,28,0,"HS"
"HS1SP","B","Wydział Pedagogiczny","Akademia Ignatianum w Krakowie",4,0,0,0,102,0,"HS"
"HS1SP","B","Wydział Nauk Społecznych","Akademia Pomorska w Słupsku",1,0,0,0,100,0,"HS"
"HS1SP","B","Wydział Nauk Humanistycznych i Społecznych","Wyższa Szkoła Administracji w Bielsku-Białej",1,0,0,0,NA,NA,"HS"
"HS1SP","B","Wydział Studiów Międzynarodowych","Wyższa Szkoła Administracji w Bielsku-Białej",3,1,0.333333333333333,478866,NA,NA,"HS"
"HS1SP","C","","Wyższa Szkoła Promocji",6,0,0,0,NA,NA,"HS"
"HS1SP","B","","Wyższa Szkoła Studiów Międzynarodowych",1,0,0,0,NA,NA,"HS"
"HS2SP","A","","Instytut Psychologii PAN",13,6,0.461538461538462,3300160,30,110005.333333333,"HS"
"HS2SP","A+","","Instytut Filozofii i Socjologii PAN",23,8,0.347826086956522,4018449,62,64813.6935483871,"HS"
"HS2SP","A","","Instytut Studiów Politycznych PAN",17,3,0.176470588235294,451505,76,5940.8552631579,"HS"
"HS1FT","B","Wydział Teologiczny","Uniwersytet Papieski Jana Pawła II w Krakowie",26,4,0.153846153846154,378375,56,6756.69642857143,"HS"
"HS1FT","A","Wydział Teologii","Uniwersytet Warmińsko-Mazurski w Olsztynie",6,2,0.333333333333333,255079,43,5932.06976744186,"HS"
"HS1FT","A","Wydział Teologii","Katolicki Uniwersytet Lubelski Jana Pawła II",12,2,0.166666666666667,712271,145,4912.21379310345,"HS"
"HS1FT","A","Wydział Filozofii Chrześcijańskiej","Uniwersytet Kardynała Stefana Wyszyńskiego w 
Warszawie",13,5,0.384615384615385,400713,88,4553.55681818182,"HS"
"HS1FT","A+","Wydział Humanistyczny","Uniwersytet Mikołaja Kopernika w Toruniu",15,3,0.2,229970,63.5,3621.57480314961,"HS"
"HS1FT","A","Wydział Teologiczny","Uniwersytet Kardynała Stefana Wyszyńskiego w 
Warszawie",9,1,0.111111111111111,55913,110.19,507.423541156185,"HS"
"HS1FT","A","Wydział Filozofii","Katolicki Uniwersytet Lubelski Jana Pawła II",8,1,0.125,29536,78.75,375.060317460317,"HS"
"HS1FT","A","Wydział Teologiczny","Uniwersytet Mikołaja Kopernika w Toruniu",2,0,0,0,31.5,0,"HS"
"HS1FT","A","Wydział Filozoficzny","Uniwersytet Papieski Jana Pawła II w Krakowie",3,0,0,0,28,0,"HS"
"HS1FT","B","Wydział Teologiczny","Uniwersytet Śląski w Katowicach",6,0,0,0,37.75,0,"HS"
"HS1FT","B","Wydział Filozoficzny","Akademia Ignatianum w Krakowie",3,0,0,0,56,0,"HS"
"HS1FT","A","Wydział Teologiczny","Uniwersytet im. Adama Mickiewicza w Poznaniu",1,0,0,0,59,0,"HS"
"HS1FT","B","Wydział Teologiczny","Chrześcijańska Akademia Teologiczna w Warszawie",3,0,0,0,18,0,"HS"
"NZ1B","A+","Wydział Biochemii, Biofizyki i Biotechnologii","Uniwersytet Jagielloński",60,29,0.483333333333333,24860001,158,157341.778481013,"NZ"
"NZ1B","A+","Wydział Biotechnologii","Uniwersytet Wrocławski",25,7,0.28,6391689,52,122917.096153846,"NZ"
"NZ1B","A","Międzyuczelniany Wydział Biotechnologii 
Uniwersytetu Gdańskiego i Gdańskiego Uniwersytetu","Uniwersytet Gdański
Gdański Uniwersytet Medyczny",31,12,0.387096774193548,7915291,67.75,116830.863468635,"NZ"
"NZ1B","A","Wydział Biologii","Uniwersytet Warszawski",63,27,0.428571428571429,12905566,185,69759.8162162162,"NZ"
"NZ1B","A","Wydział Biologii","Uniwersytet im. Adama Mickiewicza w Poznaniu",78,28,0.358974358974359,11436846,210,54461.1714285714,"NZ"
"NZ1B","A","Wydział Biologii i Nauk o Ziemi","Uniwersytet Jagielloński",93,31,0.333333333333333,11023146,256.35,43000.3744880047,"NZ"
"NZ1B","A","Wydział Biologii","Uniwersytet Gdański",42,14,0.333333333333333,5824569,138.28,42121.5577089962,"NZ"
"NZ1B","A","Wydział Nauk Biologicznych","Uniwersytet Wrocławski",30,11,0.366666666666667,4068394,119,34188.1848739496,"NZ"
"NZ1B","A","Pozawydziałowy Zamiejscowy Instytut Biotechnologii 
Stosowanej i Nauk Podstawowych","Uniwersytet Rzeszowski",13,2,0.153846153846154,848310,27,31418.8888888889,"NZ"
"NZ1B","B","Wydział Biologii i Biotechnologii","Uniwersytet Marii Curie-Skłodowskiej",21,6,0.285714285714286,2843105,125,22744.84,"NZ"
"NZ1B","A","Wydział Biologii i Biotechnologii","Uniwersytet Warmińsko-Mazurski w Olsztynie",21,5,0.238095238095238,1359141,79,17204.3164556962,"NZ"
"NZ1B","A","Wydział Biologii i Ochrony Środowiska","Uniwersytet Łódzki",61,10,0.163934426229508,3176085,200,15880.425,"NZ"
"NZ1B","A","Wydział Biologiczno-Chemiczny","Uniwersytet w Białymstoku",31,6,0.193548387096774,1802303,117.7,15312.6847918437,"NZ"
"NZ1B","A","Wydział Biologii i Ochrony Środowiska","Uniwersytet Śląski w Katowicach",24,8,0.333333333333333,1813494,130,13949.9538461538,"NZ"
"NZ1B","B","Wydział Biologii i Ochrony Środowiska","Uniwersytet Mikołaja Kopernika w Toruniu",29,5,0.172413793103448,1362026,103,13223.5533980583,"NZ"
"NZ1B","C","Wydział Matematyczno-Przyrodniczy","Akademia Pomorska w Słupsku",11,1,0.0909090909090909,888000,87,10206.8965517241,"NZ"
"NZ1B","B","Wydział Biotechnologii i Nauk o Środowisku","Katolicki Uniwersytet Lubelski Jana Pawła II",4,1,0.25,426200,73,5838.35616438356,"NZ"
"NZ1B","B","Wydział Nauk Przyrodniczych","Uniwersytet Kazimierza Wielkiego",2,2,1,168000,44,3818.18181818182,"NZ"
"NZ1B","B","Wydział Nauk Biologicznych","Uniwersytet Zielonogórski",2,0,0,0,41,0,"NZ"
"NZ1B","C","Wydział Geograficzno-Biologiczny","Uniwersytet Pedagogiczny im. Komisji Edukacji 
Narodowej w Krakowie",13,0,0,0,116,0,"NZ"
"NZ1B","C","Wydział Przyrodniczo-Techniczny","Uniwersytet Opolski",13,0,0,0,83,0,"NZ"
"NZ1B","B","Wydział Biologii","Uniwersytet Szczeciński",6,0,0,0,77,0,"NZ"
"NZ1B","B","Wydział Biologii i Nauk o Środowisku","Uniwersytet Kardynała Stefana Wyszyńskiego w 
Warszawie",1,0,0,0,30,0,"NZ"
"NZ2B","A","","Instytut Farmakologii PAN",50,25,0.5,23701014,132.9,178337.200902935,"NZ"
"NZ2B","A","","Instytut Chemii Bioorganicznej PAN",39,13,0.333333333333333,16343807,102.2,159919.833659491,"NZ"
"NZ2B","A","","Instytut Paleobiologii im. Romana Kozłowskiego PAN",10,8,0.8,2313879,18,128548.833333333,"NZ"
"NZ2B","B","","Europejskie Regionalne Centrum Ekohydrologii PAN",3,3,1,1160244,11,105476.727272727,"NZ"
"NZ2B","A+","","Instytut Biochemii i Biofizyki PAN",68,23,0.338235294117647,10980428,134.6,81578.2169390788,"NZ"
"NZ2B","A","","Instytut Genetyki Człowieka PAN",39,7,0.179487179487179,3556307,57.5,61848.8173913044,"NZ"
"NZ2B","A+","","Międzynarodowy Instytut Biologii Molekularnej i 
Komórkowej",7,4,0.571428571428571,4740000,81,58518.5185185185,"NZ"
"NZ2B","A","","Instytut Biologii Ssaków PAN",8,4,0.5,1126650,26,43332.6923076923,"NZ"
"NZ2B","A","","Instytut Ochrony Przyrody PAN",13,2,0.153846153846154,1081139,34.5,31337.3623188406,"NZ"
"NZ2B","A","","Instytut Medycyny Doświadczalnej i Klinicznej im. 
Mirosława Mossakowskiego PAN",41,12,0.292682926829268,5352124,184.16,29062.3588184188,"NZ"
"NZ2B","A","","Instytut Immunologii i Terapii Doświadczalnej im. 
Ludwika Hirszfelda PAN",43,10,0.232558139534884,4273524,158.1,27030.5123339658,"NZ"
"NZ2B","A","","Muzeum i Instytut Zoologii PAN",15,4,0.266666666666667,1112587,41.5,26809.3253012048,"NZ"
"NZ2B","A","","Instytut Systematyki i Ewolucji Zwierząt PAN",13,4,0.307692307692308,710396,28,25371.2857142857,"NZ"
"NZ2B","B","","Instytut Biologii Medycznej PAN",9,2,0.222222222222222,635450,33.95,18717.2312223859,"NZ"
"NZ2B","B","","Instytut Parazytologii im. Witolda Stefańskiego PAN",2,1,0.5,306000,33,9272.72727272727,"NZ"
"NZ2B","A","","Instytut Botaniki im. Władysława Szafera PAN",10,0,0,0,71,0,"NZ"
"NZ1M","A","Wydział Nauk o Zdrowiu","Uniwersytet Medyczny w Łodzi",20,3,0.15,3625657,121,29964.1074380165,"NZ"
"NZ1M","A+","Wydział Farmaceutyczny z Oddziałem Medycyny 
Laboratoryjnej","Gdański Uniwersytet Medyczny",32,8,0.25,3289372,132.25,24872.3780718336,"NZ"
"NZ1M","A","Wydział Nauk Biomedycznych i Kształcenia 
Podyplomowego","Uniwersytet Medyczny w Łodzi",23,3,0.130434782608696,1209977,54.5,22201.4128440367,"NZ"
"NZ1M","A","Wydział Farmaceutyczny CM","Uniwersytet Mikołaja Kopernika w Toruniu",14,4,0.285714285714286,2321651,109.91,21123.2008006551,"NZ"
"NZ1M","B","Wydział Rehabilitacji Ruchowej","Akademia Wychowania Fizycznego im. Bronisława 
Czecha w Krakowie",5,1,0.2,986784,48,20558,"NZ"
"NZ1M","A","Wydział Lekarski CM","Uniwersytet Jagielloński",132,26,0.196969696969697,13212097,800.67,16501.3014100691,"NZ"
"NZ1M","B","Wydział Wychowania Fizycznego","Akademia Wychowania Fizycznego Józefa Piłsudskiego w
Warszawie",3,1,0.333333333333333,839356,54,15543.6296296296,"NZ"
"NZ1M","A+","Wydział Farmaceutyczny z Oddziałem Medycyny 
Laboratoryjnej","Uniwersytet Medyczny w Białymstoku",15,5,0.333333333333333,1873370,123.5,15168.987854251,"NZ"
"NZ1M","A","Wydział Farmaceutyczny","Uniwersytet Medyczny im. Karola Marcinkowskiego w 
Poznaniu",37,10,0.27027027027027,1810478,141,12840.2695035461,"NZ"
"NZ1M","A","Wydział Lekarski","Uniwersytet Medyczny w Łodzi",69,12,0.173913043478261,4741197,375.81,12615.941566217,"NZ"
"NZ1M","A","Wydział Farmaceutyczny z Oddziałem Medycyny 
Laboratoryjnej","Warszawski Uniwersytet Medyczny",41,8,0.195121951219512,1898066,173,10971.4797687861,"NZ"
"NZ1M","B","Wydział Wychowania Fizycznego, Sportu i Rehabilitacji","Akademia Wychowania Fizycznego im. Eugeniusza 
Piaseckiego w Poznaniu",24,3,0.125,1597536,148,10794.1621621622,"NZ"
"NZ1M","A","I Wydział Lekarski","Warszawski Uniwersytet Medyczny",89,14,0.157303370786517,6263806,582.08,10761.0740791644,"NZ"
"NZ1M","A","Wydział Lekarski w Katowicach","Śląski Uniwersytet Medyczny w Katowicach",27,6,0.222222222222222,2989369,292.13,10233.0092766919,"NZ"
"NZ1M","A","Wydział Lekarski z Oddziałem Nauczania w Języku 
Angielskim","Pomorski Uniwersytet Medyczny w Szczecinie",17,4,0.235294117647059,2037051,211.08,9650.61114269471,"NZ"
"NZ1M","A","Wydział Lekarski CM","Uniwersytet Mikołaja Kopernika w Toruniu",24,3,0.125,2016216,234.63,8593.17222861527,"NZ"
"NZ1M","B","Wydział Wychowania Fizycznego","Akademia Wychowania Fizycznego im. Jerzego Kukuczki 
w Katowicach",4,1,0.25,416000,51.66,8052.65195509098,"NZ"
"NZ1M","A","Wydział Lekarski","Gdański Uniwersytet Medyczny",57,8,0.140350877192982,4134775,524.75,7879.51405431158,"NZ"
"NZ1M","B","Wydział Rehabilitacji","Akademia Wychowania Fizycznego Józefa Piłsudskiego w
Warszawie",7,1,0.142857142857143,267810,38.75,6911.22580645161,"NZ"
"NZ1M","A","Wydział Nauk o Zdrowiu z Oddziałem Pielęgniarstwa i 
Instytutem Medycyny Morskiej i Tropikalnej","Gdański Uniwersytet Medyczny",19,1,0.0526315789473684,1046100,158.28,6609.17361637604,"NZ"
"NZ1M","A","Wydział Lekarsko-Biotechnologiczny i Medycyny 
Laboratoryjnej","Pomorski Uniwersytet Medyczny w Szczecinie",13,3,0.230769230769231,389090,58.88,6608.18614130435,"NZ"
"NZ1M","A","Wydział Farmaceutyczny z Oddziałem Analityki 
Medycznej","Uniwersytet Medyczny im. Piastów Śląskich we 
Wrocławiu",19,3,0.157894736842105,754056,120,6283.8,"NZ"
"NZ1M","A","Wydział Lekarski I","Uniwersytet Medyczny im. Karola Marcinkowskiego w 
Poznaniu",30,5,0.166666666666667,2311414,374.94,6164.75702779111,"NZ"
"NZ1M","B","Wydział Nauk o Zdrowiu","Uniwersytet Jana Kochanowskiego w Kielcach",6,1,0.166666666666667,553379,92.5,5982.47567567568,"NZ"
"NZ1M","B","","Centrum Medyczne Kształcenia Podyplomowego",13,1,0.0769230769230769,995480,170,5855.76470588235,"NZ"
"NZ1M","B","Wydział Kultury Fizycznej i Promocji Zdrowia","Uniwersytet Szczeciński",5,1,0.2,242980,42,5785.2380952381,"NZ"
"NZ1M","A","Wydział Lekarski II","Uniwersytet Medyczny im. Karola Marcinkowskiego w 
Poznaniu",36,4,0.111111111111111,2589391,467.9,5534.06924556529,"NZ"
"NZ1M","A","Wydział Farmaceutyczny z Oddziałem Analityki 
Medycznej","Uniwersytet Medyczny w Lublinie",12,2,0.166666666666667,866700,160.8,5389.92537313433,"NZ"
"NZ1M","B","Wydział Lekarski","Uniwersytet Medyczny im. Piastów Śląskich we 
Wrocławiu",34,2,0.0588235294117647,1517296,302,5024.15894039735,"NZ"
"NZ1M","A","Wydział Farmaceutyczny","Uniwersytet Medyczny w Łodzi",15,1,0.0666666666666667,439300,91,4827.47252747253,"NZ"
"NZ1M","A","Wydział Farmaceutyczny z Oddziałem Medycyny 
Laboratoryjnej","Śląski Uniwersytet Medyczny w Katowicach",6,2,0.333333333333333,668249,191.5,3489.55091383812,"NZ"
"NZ1M","A","Wydział Nauk o Zdrowiu","Uniwersytet Medyczny im. Piastów Śląskich we 
Wrocławiu",4,2,0.5,298800,86,3474.41860465116,"NZ"
"NZ1M","B","Wydział Wojskowo-Lekarski","Uniwersytet Medyczny w Łodzi",22,1,0.0454545454545455,706807,226,3127.46460176991,"NZ"
"NZ1M","A","Wydział Lekarski Kształcenia Podyplomowego","Uniwersytet Medyczny im. Piastów Śląskich we 
Wrocławiu",24,1,0.0416666666666667,940477,316,2976.19303797468,"NZ"
"NZ1M","B","Wydział Nauk Medycznych","Uniwersytet Warmińsko-Mazurski w Olsztynie",17,1,0.0588235294117647,490800,184.5,2660.16260162602,"NZ"
"NZ1M","C","Wydział Wychowania Fizycznego i Sportu","Akademia Wychowania Fizycznego im. Bronisława 
Czecha w Krakowie",6,1,0.166666666666667,149220,58,2572.75862068966,"NZ"
"NZ1M","A","Wydział Lekarski z Oddziałem Stomatologii i 
Oddziałem Nauczania w Języku Angielskim","Uniwersytet Medyczny w Białymstoku",14,3,0.214285714285714,783340,373,2100.1072386059,"NZ"
"NZ1M","B","Wydział Fizjoterapii","Akademia Wychowania Fizycznego we Wrocławiu",3,1,0.333333333333333,99732,53,1881.7358490566,"NZ"
"NZ1M","B","Wydział Lekarsko-Dentystyczny","Warszawski Uniwersytet Medyczny",10,1,0.1,90600,72.25,1253.97923875433,"NZ"
"NZ1M","A","II Wydział Lekarski z Oddziałem Anglojęzycznym","Uniwersytet Medyczny w Lublinie",18,1,0.0555555555555556,129000,427,302.107728337237,"NZ"
"NZ1M","A","Wydział Nauki o Zdrowiu z Oddziałem Pielęgniarstwa, 
Oddziałem Zdrowia Publicznego, Oddziałem Dietetyki","Warszawski Uniwersytet Medyczny",11,0,0,0,114,0,"NZ"
"NZ1M","C","Wydział Kultury Fizycznej, Zdrowia i Turystyki","Uniwersytet Kazimierza Wielkiego",5,0,0,0,51,0,"NZ"
"NZ1M","A","Wydział Nauk o Zdrowiu","Pomorski Uniwersytet Medyczny w Szczecinie",14,0,0,0,101.5,0,"NZ"
"NZ1M","B","I Wydział Lekarski z Oddziałem Stomatologicznym","Uniwersytet Medyczny w Lublinie",15,0,0,0,383,0,"NZ"
"NZ1M","B","Wydział Nauk o Zdrowiu","Uniwersytet Medyczny im. Karola Marcinkowskiego w 
Poznaniu",13,0,0,0,195.5,0,"NZ"
"NZ1M","A","Wydział Lekarski z Oddziałem Lekarsko-Dentystycznym 
w Zabrzu","Śląski Uniwersytet Medyczny w Katowicach",7,0,0,0,282.75,0,"NZ"
"NZ1M","B","Wydział Wychowania Fizycznego","Akademia Wychowania Fizycznego we Wrocławiu",11,0,0,0,63,0,"NZ"
"NZ1M","B","Wydział Medyczny","Uniwersytet Rzeszowski",8,0,0,0,126,0,"NZ"
"NZ1M","B","II Wydział Lekarski z Oddziałem Nauczania w Języku 
Angielskim, Oddziałem Fizjoterapii","Warszawski Uniwersytet Medyczny",7,0,0,0,182.25,0,"NZ"
"NZ1M","B","Wydział Fizjoterapii","Akademia Wychowania Fizycznego im. Jerzego Kukuczki 
w Katowicach",6,0,0,0,36,0,"NZ"
"NZ1M","B","Wydział Zdrowia Publicznego","Śląski Uniwersytet Medyczny w Katowicach",6,0,0,0,60,0,"NZ"
"NZ1M","B","Wydział Pielęgniarstwa i Nauk o Zdrowiu","Uniwersytet Medyczny w Lublinie",3,0,0,0,133.5,0,"NZ"
"NZ1M","B","Wydział Turystyki i Rekreacji","Akademia Wychowania Fizycznego i Sportu im. Jędrzeja 
Śniadeckiego w Gdańsku",1,0,0,0,35.5,0,"NZ"
"NZ1M","B","Zamiejscowy Wydział Kultury Fizycznej w Gorzowie 
Wielkopolskim","Akademia Wychowania Fizycznego im. Eugeniusza 
Piaseckiego w Poznaniu",2,0,0,0,29,0,"NZ"
"NZ1M","C","Wydział Wychowania Fizycznego i Fizjoterapii","Politechnika Opolska",4,0,0,0,70,0,"NZ"
"NZ1M","B","Wydział Nauk o Zdrowiu CM","Uniwersytet Mikołaja Kopernika w Toruniu",4,0,0,0,189.09,0,"NZ"
"NZ1M","C","","Państwowa Szkoła Wyższa im. Papieża Jana Pawła II w 
Białej Podlaskiej",2,0,0,0,37,0,"NZ"
"NZ1M","B","Wydział Nauk o Zdrowiu","Śląski Uniwersytet Medyczny w Katowicach",2,0,0,0,93.5,0,"NZ"
"NZ1M","B","Wydział Lekarsko-Stomatologiczny","Uniwersytet Medyczny im. Piastów Śląskich we 
Wrocławiu",1,0,0,0,77,0,"NZ"
"NZ1M","B","Wydział Turystyki i Rekreacji","Akademia Wychowania Fizycznego im. Eugeniusza 
Piaseckiego w Poznaniu",2,0,0,0,25,0,"NZ"
"NZ1M","C","Wydział Turystyki i Rekreacji","Akademia Wychowania Fizycznego Józefa Piłsudskiego w
Warszawie",2,0,0,0,37,0,"NZ"
"NZ1M","B","Wydział Nauk o Sporcie","Akademia Wychowania Fizycznego we Wrocławiu",2,0,0,0,34,0,"NZ"
"NZ1M","A","Wydział Nauk o Zdrowiu","Uniwersytet Medyczny w Białymstoku",2,0,0,0,121.18,0,"NZ"
"NZ1M","B","Wydział Lekarsko-Stomatologiczny","Pomorski Uniwersytet Medyczny w Szczecinie",1,0,0,0,87,0,"NZ"
"NZ3M","B","","Instytut Reumatologii im. prof. dr hab. med. Eleonory 
Reicher",4,2,0.5,2440030,32.21,75753.8031667184,"NZ"
"NZ3M","A+","","Instytut Fizjologii i Patologii Słuchu",7,2,0.285714285714286,674500,16,42156.25,"NZ"
"NZ3M","B","","Instytut Matki i Dziecka",18,4,0.222222222222222,2040820,49.1,41564.5621181263,"NZ"
"NZ3M","A","","Instytut Medycyny Pracy im. prof. dr. med. Jerzego 
Nofera",19,4,0.210526315789474,2512910,103.26,24335.7544063529,"NZ"
"NZ3M","A","","Instytut Medycyny Wsi im. Witolda Chodźki",20,4,0.2,1263280,52.58,24025.8653480411,"NZ"
"NZ3M","B","","Narodowy Instytut Leków",18,5,0.277777777777778,2423840,111.15,21806.9275753486,"NZ"
"NZ3M","B","","Wojskowy Instytut Medycyny Lotniczej",6,1,0.166666666666667,661600,34,19458.8235294118,"NZ"
"NZ3M","A","","Instytut Psychiatrii i Neurologii",25,4,0.16,1094000,80.98,13509.5085206224,"NZ"
"NZ3M","A","","Centrum Onkologii - Instytut im. Marii Skłodowskiej-
Curie",33,8,0.242424242424242,4291129,336,12771.2172619048,"NZ"
"NZ3M","A+","","Instytut ""Pomnik - Centrum Zdrowia Dziecka""",8,2,0.25,958250,88.15,10870.6749858196,"NZ"
"NZ3M","A","","Instytut ""Centrum Zdrowia Matki Polki""",19,1,0.0526315789473684,180200,44.54,4045.80152671756,"NZ"
"NZ3M","B","","Narodowy Instytut Zdrowia Publicznego - Państwowy 
Zakład Higieny",15,1,0.0666666666666667,98800,60,1646.66666666667,"NZ"
"NZ3M","B","","Instytut Biotechnologii i Antybiotyków",7,1,0.142857142857143,150000,92.25,1626.0162601626,"NZ"
"NZ3M","A","","Wojskowy Instytut Medyczny",7,1,0.142857142857143,136310,86,1585,"NZ"
"NZ3M","B","","Wojskowy Instytut Higieny i Epidemiologii im. gen. 
Karola Kaczkowskiego",7,0,0,0,48.5,0,"NZ"
"NZ3M","B","","Instytut Hematologii i Transfuzjologii",1,0,0,0,40,0,"NZ"
"NZ3M","B","","Instytut Gruźlicy i Chorób Płuc",10,0,0,0,69.2,0,"NZ"
"NZ3M","B","","Instytut Medycyny Pracy i Zdrowia Środowiskowego",3,0,0,0,40.92,0,"NZ"
"NZ3M","B","","Instytut Sportu",2,0,0,0,44.5,0,"NZ"
"NZ1R","A","Wydział Hodowli i Biologii Zwierząt","Uniwersytet Przyrodniczy w Poznaniu",16,9,0.5625,5532244,114,48528.4561403509,"NZ"
"NZ1R","A","Wydział Nauk o Środowisku","Uniwersytet Warmińsko-Mazurski w Olsztynie",28,8,0.285714285714286,2406008,75,32080.1066666667,"NZ"
"NZ1R","A","Wydział Nauk o Żywności i Żywieniu","Uniwersytet Przyrodniczy w Poznaniu",13,6,0.461538461538462,2233110,131,17046.641221374,"NZ"
"NZ1R","A","Wydział Technologii Drewna","Uniwersytet Przyrodniczy w Poznaniu",7,2,0.285714285714286,1077220,69.5,15499.5683453237,"NZ"
"NZ1R","A","Wydział Medycyny Weterynaryjnej","Szkoła Główna Gospodarstwa Wiejskiego w Warszawie",18,4,0.222222222222222,2511326,168,14948.369047619,"NZ"
"NZ1R","A","Wydział Nauk o Żywności","Uniwersytet Przyrodniczy we Wrocławiu",23,5,0.217391304347826,1602217,113.6,14104.0228873239,"NZ"
"NZ1R","B","Wydział Hodowli i Biologii Zwierząt","Uniwersytet Rolniczy im. Hugona Kołłątaja w Krakowie",11,4,0.363636363636364,1191395,90,13237.7222222222,"NZ"
"NZ1R","B","Wydział Ogrodnictwa, Biotechnologii i Architektury 
Krajobrazu","Szkoła Główna Gospodarstwa Wiejskiego w Warszawie",18,4,0.222222222222222,1428190,116,12311.9827586207,"NZ"
"NZ1R","A","Wydział Rolnictwa i Biologii","Szkoła Główna Gospodarstwa Wiejskiego w Warszawie",14,4,0.285714285714286,1275480,105.25,12118.5748218527,"NZ"
"NZ1R","B","Wydział Biologiczno-Rolniczy","Uniwersytet Rzeszowski",13,3,0.230769230769231,1272385,117,10875.0854700855,"NZ"
"NZ1R","B","Wydział Leśny","Uniwersytet Rolniczy im. Hugona Kołłątaja w Krakowie",19,3,0.157894736842105,911206,86,10595.4186046512,"NZ"
"NZ1R","A","Wydział Technologii Żywności","Uniwersytet Rolniczy im. Hugona Kołłątaja w Krakowie",19,4,0.210526315789474,1022948,104,9836.03846153846,"NZ"
"NZ1R","A","Wydział Biotechnologii i Nauk o Żywności","Politechnika Łódzka",30,3,0.1,959999,103,9320.3786407767,"NZ"
"NZ1R","A","Wydział Medycyny Weterynaryjnej","Uniwersytet Warmińsko-Mazurski w Olsztynie",12,2,0.166666666666667,598950,93,6440.32258064516,"NZ"
"NZ1R","B","Wydział Ogrodniczy","Uniwersytet Rolniczy im. Hugona Kołłątaja w Krakowie",14,1,0.0714285714285714,689580,108,6385,"NZ"
"NZ1R","A","Wydział Nauk o Żywności i Biotechnologii","Uniwersytet Przyrodniczy w Lublinie",8,2,0.25,486800,81,6009.87654320988,"NZ"
"NZ1R","A","Wydział Nauk o Żywności","Szkoła Główna Gospodarstwa Wiejskiego w Warszawie",7,2,0.285714285714286,406262,90,4514.02222222222,"NZ"
"NZ1R","B","Wydział Rolnictwa i Bioinżynierii","Uniwersytet Przyrodniczy w Poznaniu",4,1,0.25,612300,147,4165.30612244898,"NZ"
"NZ1R","B","Wydział Melioracji i Inżynierii Środowiska","Uniwersytet Przyrodniczy w Poznaniu",8,1,0.125,311766,77,4048.90909090909,"NZ"
"NZ1R","A","Wydział Nauk o Zwierzętach","Szkoła Główna Gospodarstwa Wiejskiego w Warszawie",13,2,0.153846153846154,305,75,4000,"NZ"
"NZ1R","A","Wydział Medycyny Weterynaryjnej","Uniwersytet Przyrodniczy we Wrocławiu",15,1,0.0666666666666667,402500,122,3299.18032786885,"NZ"
"NZ1R","A","Wydział Biologii i Hodowli Zwierząt","Uniwersytet Przyrodniczy we Wrocławiu",18,1,0.0555555555555556,149948,81,1851.20987654321,"NZ"
"NZ1R","B","Wydział Kształtowania Środowiska i Rolnictwa","Zachodniopomorski Uniwersytet Technologiczny w 
Szczecinie",5,1,0.2,149300,102.25,1460.1466992665,"NZ"
"NZ1R","A","Wydział Nauki o Żywności","Uniwersytet Warmińsko-Mazurski w Olsztynie",14,1,0.0714285714285714,149300,104,1435.57692307692,"NZ"
"NZ1R","B","Wydział Inżynierii Produkcji","Uniwersytet Przyrodniczy w Lublinie",3,1,0.333333333333333,200500,143,1402.0979020979,"NZ"
"NZ1R","B","Wydział Rolniczo-Ekonomiczny","Uniwersytet Rolniczy im. Hugona Kołłątaja w Krakowie",14,2,0.142857142857143,174582,161,1084.3602484472,"NZ"
"NZ1R","B","Wydział Rolnictwa i Biotechnologii","Uniwersytet Technologiczno-Przyrodniczy im. Jana i 
Jędrzeja Śniadeckich w Bydgoszczy",9,1,0.111111111111111,99957,100,999.57,"NZ"
"NZ1R","B","Wydział Przyrodniczo-Technologiczny","Uniwersytet Przyrodniczy we Wrocławiu",17,2,0.117647058823529,181353,197.55,918.010630220197,"NZ"
"NZ1R","B","Wydział Inżynierii Środowiska i Geodezji","Uniwersytet Rolniczy im. Hugona Kołłątaja w Krakowie",11,1,0.0909090909090909,97862,107,914.598130841121,"NZ"
"NZ1R","B","Wydział Hodowli i Biologii Zwierząt","Uniwersytet Technologiczno-Przyrodniczy im. Jana i 
Jędrzeja Śniadeckich w Bydgoszczy",4,0,0,0,83,0,"NZ"
"NZ1R","A","Wydział Bioinżynierii Zwierząt","Uniwersytet Warmińsko-Mazurski w Olsztynie",2,0,0,0,74,0,"NZ"
"NZ1R","B","Wydział Ogrodnictwa i Architektury Krajobrazu","Uniwersytet Przyrodniczy w Poznaniu",3,0,0,0,98,0,"NZ"
"NZ1R","A","Wydział Kształtowania Środowiska i Rolnictwa","Uniwersytet Warmińsko-Mazurski w Olsztynie",13,0,0,0,149,0,"NZ"
"NZ1R","B","Wydział Biotechnologii i Hodowli Zwierząt","Zachodniopomorski Uniwersytet Technologiczny w 
Szczecinie",3,0,0,0,64.5,0,"NZ"
"NZ1R","B","Wydział Medycyny Weterynaryjnej","Uniwersytet Przyrodniczy w Lublinie",5,0,0,0,119,0,"NZ"
"NZ1R","B","Wydział Leśny","Uniwersytet Przyrodniczy w Poznaniu",2,0,0,0,74.5,0,"NZ"
"NZ1R","B","Wydział Leśny","Szkoła Główna Gospodarstwa Wiejskiego w Warszawie",2,0,0,0,75,0,"NZ"
"NZ1R","B","Wydział Nauk o Żywieniu Człowieka i Konsumpcji","Szkoła Główna Gospodarstwa Wiejskiego w Warszawie",1,0,0,0,117,0,"NZ"
"NZ1R","B","Wydział Technologii Drewna","Szkoła Główna Gospodarstwa Wiejskiego w Warszawie",5,0,0,0,56,0,"NZ"
"NZ1R","B","Wydział Przyrodniczy","Uniwersytet Przyrodniczo-Humanistyczny w Siedlcach",3,0,0,0,141,0,"NZ"
"NZ1R","B","Wydział Biologii i Hodowli Zwierząt","Uniwersytet Przyrodniczy w Lublinie",9,0,0,0,133,0,"NZ"
"NZ1R","B","Wydział Ogrodnictwa i Architektury Krajobrazu","Uniwersytet Przyrodniczy w Lublinie",2,0,0,0,110,0,"NZ"
"NZ1R","C","Wydział Nauk Rolniczych w Zamościu","Uniwersytet Przyrodniczy w Lublinie",1,0,0,0,24,0,"NZ"
"NZ1R","B","Wydział Inżynierii Produkcji i Energetyki","Uniwersytet Rolniczy im. Hugona Kołłątaja w Krakowie",4,0,0,0,59,0,"NZ"
"NZ1R","B","Wydział Nauk Technicznych","Uniwersytet Warmińsko-Mazurski w Olsztynie",14,0,0,0,88,0,"NZ"
"NZ2R","C","","Instytut Podstaw Inżynierii Środowiska PAN",12,4,0.333333333333333,1911600,37.66,50759.4264471588,"NZ"
"NZ2R","A","","Instytut Geofizyki PAN",15,5,0.333333333333333,2498750,66.35,37660.1356443105,"NZ"
"NZ2R","A","","Instytut Genetyki i Hodowli Zwierząt PAN",19,7,0.368421052631579,2113750,63.16,33466.5927802407,"NZ"
"NZ2R","A","","Instytut Oceanologii PAN",47,8,0.170212765957447,2695503,92.53,29131.1250405274,"NZ"
"NZ2R","A","","Instytut Agrofizyki im. Bohdana Dobrzańskiego PAN",22,5,0.227272727272727,1539670,58,26546.0344827586,"NZ"
"NZ2R","A","","Instytut Nauk Geologicznych PAN",6,4,0.666666666666667,1361050,76.05,17896.77843524,"NZ"
"NZ2R","A","","Instytut Fizjologii Roślin im. Franciszka Górskiego PAN",5,2,0.4,513110,39.13,13112.9568106312,"NZ"
"NZ2R","B","","Instytut Geografii i Przestrzennego Zagospodarowania 
im. S. Leszczyckiego PAN",16,3,0.1875,987136,75.4,13091.9893899204,"NZ"
"NZ2R","A+","","Instytut Rozrodu Zwierząt i Badań Żywności PAN",20,6,0.3,1347421,136.6,9863.9897510981,"NZ"
"NZ2R","B","","Instytut Środowiska Rolniczego i Leśnego PAN",12,1,0.0833333333333333,246500,39,6320.51282051282,"NZ"
"NZ2R","B","","Instytut Fizjologii i Żywienia Zwierząt im. Jana 
Kielanowskiego PAN",5,2,0.4,372946,62,6015.25806451613,"NZ"
"NZ2R","B","","Instytut Genetyki Roślin PAN",11,2,0.181818181818182,187230,60.63,3088.07521029193,"NZ"
"NZ3R","A","","Państwowy Instytut Weterynaryjny - Państwowy Instytut 
Badawczy",38,8,0.210526315789474,3585418,149,24063.2080536913,"NZ"
"NZ3R","B","","Instytut Ekologii Terenów Uprzemysłowionych",3,1,0.333333333333333,877000,46,19065.2173913043,"NZ"
"NZ3R","B","","Instytut Uprawy Nawożenia i Gleboznawstwa - 
Państwowy Instytut Badawczy",14,2,0.142857142857143,772000,93.5,8256.68449197861,"NZ"
"NZ3R","A","","Instytut Ogrodnictwa",13,2,0.153846153846154,1267532,183.2,6918.84279475983,"NZ"
"NZ3R","B","","Instytut Hodowli i Aklimatyzacji Roślin - Państwowy 
Instytut Badawczy",8,2,0.25,1150571,186.25,6177.56241610738,"NZ"
"NZ3R","A","","Instytut Zootechniki - Państwowy Instytut Badawczy",5,1,0.2,611000,120.9,5053.76344086022,"NZ"
"NZ3R","A","","Instytut Ochrony Środowiska - Państwowy Instytut 
Badawczy",3,1,0.333333333333333,150000,56,2678.57142857143,"NZ"
"NZ3R","B","","Instytut Ochrony Roślin - Państwowy Instytut Badawczy",8,2,0.25,305,180,1666.66666666667,"NZ"
"NZ3R","B","","Instytut Badawczy Leśnictwa",4,0,0,0,149.37,0,"NZ"
"NZ3R","B","","Instytut Biotechnologii Przemysłu Rolno-Spożywczego",3,0,0,0,130.2,0,"NZ"
"NZ3R","B","","Instytut Rybactwa Śródlądowego im. S. Sakowicza",1,0,0,0,70,0,"NZ"
"NZ3R","B","","Instytut Technologii Drewna",5,0,0,0,59.15,0,"NZ"
"NZ3R","B","","Instytut Włókien Naturalnych i Roślin Zielarskich",9,0,0,0,82.95,0,"NZ"
"NZ3R","A","","Morski Instytut Rybacki – Państwowy Instytut Badawczy",3,0,0,0,60.65,0,"NZ"
"NZ1Z","A","Wydział Nauk o Ziemi","Uniwersytet Śląski w Katowicach",24,8,0.333333333333333,4651231,148.15,31395.4168072899,"NZ"
"NZ1Z","B","Wydział Geografii i Studiów Regionalnych","Uniwersytet Warszawski",16,7,0.4375,1610473,79.5,20257.5220125786,"NZ"
"NZ1Z","B","Wydział Nauk o Ziemi i Kształtowania Środowiska","Uniwersytet Wrocławski",28,6,0.214285714285714,1958849,109,17971.0917431193,"NZ"
"NZ1Z","A","Wydział Nauk Geograficznych i Geologicznych","Uniwersytet im. Adama Mickiewicza w Poznaniu",51,9,0.176470588235294,2805003,161.33,17386.7414616004,"NZ"
"NZ1Z","A","Wydział Geologii, Geofizyki i Ochrony Środowiska","Akademia Górniczo-Hutnicza im. Stanisława Staszica w 
Krakowie",23,7,0.304347826086957,2276236,202,11268.495049505,"NZ"
"NZ1Z","B","Wydział Nauk o Ziemi","Uniwersytet Mikołaja Kopernika w Toruniu",11,2,0.181818181818182,633990,60.5,10479.173553719,"NZ"
"NZ1Z","A","Wydział Geologii","Uniwersytet Warszawski",11,3,0.272727272727273,727256,86,8456.46511627907,"NZ"
"NZ1Z","B","Wydział Oceanografii i Geografii","Uniwersytet Gdański",20,4,0.2,677863,141.42,4793.26120774997,"NZ"
"NZ1Z","B","Wydział Nauk o Ziemi i Gospodarki Przestrzennej","Uniwersytet Marii Curie-Skłodowskiej",4,1,0.25,454700,97.5,4663.58974358974,"NZ"
"NZ1Z","B","Wydział Nauk o Ziemi","Uniwersytet Szczeciński",17,3,0.176470588235294,281132,68,4134.29411764706,"NZ"
"NZ1Z","B","Wydział Nauk Geograficznych","Uniwersytet Łódzki",9,1,0.111111111111111,148975,83,1794.87951807229,"NZ"
"NZ3Z","B","","Państwowy Instytut Geologiczny - Państwowy Instytut 
Badawczy",8,3,0.375,1883680,343.95,5476.60997237971,"NZ"
"SI1BA","A","Wydział Inżynierii Lądowej i Środowiska","Politechnika Gdańska",8,1,0.125,1521354,166.5,9137.26126126126,"SI"
"SI1BA","A","Wydział Inżynierii Środowiska","Politechnika Wrocławska",14,1,0.0714285714285714,597920,107.5,5562.04651162791,"SI"
"SI1BA","B","Wydział Budownictwa i Inżynierii Środowiska","Politechnika Poznańska",9,1,0.111111111111111,621830,147,4230.13605442177,"SI"
"SI1BA","B","Wydział Architektury","Politechnika Gdańska",4,1,0.25,221383,65,3405.89230769231,"SI"
"SI1BA","A","Wydział Budownictwa i Inżynierii Środowiska","Szkoła Główna Gospodarstwa Wiejskiego w Warszawie",8,1,0.125,50000,99,505.050505050505,"SI"
"SI1BA","B","Wydział Budownictwa i Inżynierii Środowiska","Politechnika Białostocka",10,0,0,0,134.5,0,"SI"
"SI1BA","A","Wydział Budownictwa i Architektury","Zachodniopomorski Uniwersytet Technologiczny w 
Szczecinie",4,0,0,0,135.8,0,"SI"
"SI1BA","B","Wydział Inżynierii Lądowej","Politechnika Warszawska",8,0,0,0,120,0,"SI"
"SI1BA","A","Wydział Architektury","Politechnika Wrocławska",13,0,0,0,132,0,"SI"
"SI1BA","B","Wydział Architektury","Politechnika Śląska",11,0,0,0,70.5,0,"SI"
"SI1BA","A","Wydział Budownictwa, Architektury i Inżynierii 
Środowiska","Politechnika Łódzka",7,0,0,0,88.5,0,"SI"
"SI1BA","A","Wydział Architektury","Politechnika Krakowska im. Tadeusza Kościuszki",10,0,0,0,191,0,"SI"
"SI1BA","B","Wydział Inżynierii Środowiska","Politechnika Krakowska im. Tadeusza Kościuszki",7,0,0,0,99.5,0,"SI"
"SI1BA","B","Wydział Inżynierii Lądowej","Politechnika Krakowska im. Tadeusza Kościuszki",4,0,0,0,239,0,"SI"
"SI1BA","B","Wydział Budownictwa i Inżynierii Środowiska","Politechnika Rzeszowska im. Ignacego Łukasiewicza",5,0,0,0,128,0,"SI"
"SI1BA","B","Wydział Budownictwa Lądowego i Wodnego","Politechnika Wrocławska",4,0,0,0,175,0,"SI"
"SI1BA","A","Wydział Budownictwa i Architektury","Politechnika Lubelska",7,0,0,0,80,0,"SI"
"SI1BA","B","Wydział Budownictwa","Politechnika Śląska",8,0,0,0,113,0,"SI"
"SI1BA","B","Wydział Inżynierii Lądowej, Środowiska i Geodezji","Politechnika Koszalińska",4,0,0,0,95,0,"SI"
"SI1BA","B","Wydział Budownictwa","Politechnika Częstochowska",3,0,0,0,59,0,"SI"
"SI1BA","A","Wydział Architektury","Politechnika Poznańska",2,0,0,0,44,0,"SI"
"SI1BA","B","Wydział Budownictwa, Mechaniki i Petrochemii","Politechnika Warszawska",5,0,0,0,103.75,0,"SI"
"SI1BA","B","Wydział Budownictwa, Architektury i Inżynierii 
Środowiska","Uniwersytet Technologiczno-Przyrodniczy im. Jana i 
Jędrzeja Śniadeckich w Bydgoszczy",3,0,0,0,99,0,"SI"
"SI1BA","B","Wydział Inżynierii Lądowej i Środowiska","Uniwersytet Zielonogórski",2,0,0,0,94,0,"SI"
"SI1BA","B","Wydział Architektury","Politechnika Białostocka",1,0,0,0,49.5,0,"SI"
"SI1BA","A","Wydział Architektury","Politechnika Warszawska",2,0,0,0,80.3,0,"SI"
"SI2BA","A","","Instytut Budownictwa Wodnego PAN",5,0,0,0,38,0,"SI"
"SI1CT","A+","Centrum Nowych Technologii","Uniwersytet Warszawski",23,14,0.608695652173913,10764643,41.15,261595.212636695,"SI"
"SI1CT","A","Interdyscyplinarne Centrum Modelowania 
Matematycznego i Komputerowego","Uniwersytet Warszawski",12,4,0.333333333333333,2020504,16,126281.5,"SI"
"SI1CT","A+","Wydział Chemii","Uniwersytet Warszawski",58,30,0.517241379310345,12234204,143,85553.8741258741,"SI"
"SI1CT","A+","Wydział Chemii","Uniwersytet Jagielloński",71,24,0.338028169014085,12580647,156,80645.1730769231,"SI"
"SI1CT","A","Wydział Chemii","Uniwersytet Mikołaja Kopernika w Toruniu",46,14,0.304347826086957,5855029,91.5,63989.3879781421,"SI"
"SI1CT","A","Wydział Technologii Chemicznej","Politechnika Poznańska",35,12,0.342857142857143,5335128,92,57990.5217391304,"SI"
"SI1CT","A","Wydział Chemii","Uniwersytet Łódzki",33,7,0.212121212121212,4163530,78.7,52903.8119440915,"SI"
"SI1CT","A","Wydział Chemii","Uniwersytet im. Adama Mickiewicza w Poznaniu",60,12,0.2,9058259,204,44403.2303921569,"SI"
"SI1CT","A","Wydział Chemiczny","Politechnika Łódzka",43,10,0.232558139534884,6234287,153.25,40680.5024469821,"SI"
"SI1CT","A","Wydział Chemiczny","Politechnika Gdańska",99,18,0.181818181818182,5182317,138,37553.0217391304,"SI"
"SI1CT","A","Wydział Chemii","Uniwersytet Gdański",62,9,0.145161290322581,2940809,81.3,36172.3124231242,"SI"
"SI1CT","A","Wydział Chemiczny","Politechnika Warszawska",41,10,0.24390243902439,5006118,143.85,34800.9593326382,"SI"
"SI1CT","A","Wydział Chemiczny","Politechnika Wrocławska",62,22,0.354838709677419,7056243,218.43,32304.3675319324,"SI"
"SI1CT","A","Wydział Chemii","Uniwersytet Marii Curie-Skłodowskiej",24,6,0.25,4539090,160,28369.3125,"SI"
"SI1CT","A","Wydział Chemiczny","Politechnika Śląska",48,11,0.229166666666667,2967225,105,28259.2857142857,"SI"
"SI1CT","A","Wydział Chemii","Uniwersytet Opolski",6,1,0.166666666666667,936180,43,21771.6279069767,"SI"
"SI1CT","B","Wydział Nauk Ścisłych","Uniwersytet Przyrodniczo-Humanistyczny w Siedlcach",5,1,0.2,355131,71,5001.84507042254,"SI"
"SI1CT","B","Instytut Papiernictwa i Poligrafii","Politechnika Łódzka",2,0,0,0,15,0,"SI"
"SI1CT","B","","Szkoła Główna Służby Pożarniczej",2,0,0,0,154,0,"SI"
"SI2CT","A","","Instytut Chemii Organicznej PAN",18,15,0.833333333333333,8440650,99.2,85087.1975806452,"SI"
"SI2CT","A","","Instytut Katalizy i Fizykochemii Powierzchni im. Jerzego 
Habera PAN",32,14,0.4375,7297930,87.9,83025.369738339,"SI"
"SI2CT","B","","Centrum Materiałów Polimerowych i Węglowych PAN",18,5,0.277777777777778,2409980,64.95,37105.1578137028,"SI"
"SI2CT","B","","Centrum Badań Molekularnych i Makromolekularnych 
PAN",23,7,0.304347826086957,4673187,125.95,37103.5093290988,"SI"
"SI2CT","A","","Instytut Chemii Fizycznej PAN",32,7,0.21875,3653531,203.3,17971.1313330054,"SI"
"SI1EA","A","Wydział Informatyki","Politechnika Poznańska",23,7,0.304347826086957,7380084,95,77685.0947368421,"SI"
"SI1EA","A+","Wydział Elektroniki Mikrosystemów i Fotoniki","Politechnika Wrocławska",19,9,0.473684210526316,4094802,71.08,57608.3567810917,"SI"
"SI1EA","A","Wydział Elektroniki, Telekomunikacji i Informatyki","Politechnika Gdańska",30,8,0.266666666666667,3064315,143,21428.7762237762,"SI"
"SI1EA","A","Wydział Informatyki, Elektroniki i Telekomunikacji","Akademia Górniczo-Hutnicza im. Stanisława Staszica w 
Krakowie",24,11,0.458333333333333,3440239,183.5,18747.8964577657,"SI"
"SI1EA","B","Wydział Elektryczny","Akademia Morska w Gdyni",4,1,0.25,1027725,65,15811.1538461538,"SI"
"SI1EA","B","Wydział Elektryczny","Politechnika Białostocka",7,2,0.285714285714286,974460,69,14122.6086956522,"SI"
"SI1EA","A","Wydział Elektryczny","Politechnika Warszawska",17,5,0.294117647058824,1713114,128.5,13331.626459144,"SI"
"SI1EA","A","Wydział Automatyki, Elektroniki i Informatyki","Politechnika Śląska",18,6,0.333333333333333,3155744,273.85,11523.6224210334,"SI"
"SI1EA","B","Wydział Informatyki","Politechnika Białostocka",14,4,0.285714285714286,768650,68,11303.6764705882,"SI"
"SI1EA","B","Wydział Elektrotechniki i Automatyki","Politechnika Gdańska",24,2,0.0833333333333333,958700,93,10308.6021505376,"SI"
"SI1EA","A","Wydział Elektrotechniki, Elektroniki, Informatyki i 
Automatyki","Politechnika Łódzka",37,4,0.108108108108108,2048278,207.2,9885.51158301158,"SI"
"SI1EA","A","Wydział Elektryczny","Politechnika Wrocławska",8,1,0.125,827060,88,9398.40909090909,"SI"
"SI1EA","A","Wydział Elektrotechniki, Automatyki, Informatyki i 
Inżynierii Biomedycznej","Akademia Górniczo-Hutnicza im. Stanisława Staszica w 
Krakowie",21,2,0.0952380952380952,1987490,225.83,8800.82362839304,"SI"
"SI1EA","A+","Wydział Elektroniki i Technik Informacyjnych","Politechnika Warszawska",37,8,0.216216216216216,2118758,265.55,7978.75353040859,"SI"
"SI1EA","B","Wydział Elektryczny","Politechnika Śląska",8,1,0.125,998250,127,7860.23622047244,"SI"
"SI1EA","A","Instytut Optoelektroniki","Wojskowa Akademia Techniczna im. Jarosława 
Dąbrowskiego",9,3,0.333333333333333,762480,102,7475.29411764706,"SI"
"SI1EA","B","Wydział Informatyki","Zachodniopomorski Uniwersytet Technologiczny w 
Szczecinie",11,1,0.0909090909090909,421800,62.6,6738.01916932907,"SI"
"SI1EA","B","Wydział Informatyki i Zarządzania","Politechnika Wrocławska",17,2,0.117647058823529,1060150,174.6,6071.87857961054,"SI"
"SI1EA","B","Wydział Elektrotechniki, Automatyki i Informatyki","Politechnika Opolska",10,1,0.1,456400,84,5433.33333333333,"SI"
"SI1EA","B","Wydział Elektryczny","Politechnika Poznańska",20,2,0.1,479080,152,3151.84210526316,"SI"
"SI1EA","A","Wydział Elektroniki i Telekomunikacji","Politechnika Poznańska",3,1,0.333333333333333,118600,54,2196.2962962963,"SI"
"SI1EA","B","Wydział Elektrotechniki, Informatyki i Telekomunikacji","Uniwersytet Zielonogórski",6,1,0.166666666666667,127222,71,1791.85915492958,"SI"
"SI1EA","B","Wydział Inżynierii Produkcji i Logistyki","Politechnika Opolska",7,1,0.142857142857143,55440,88,630,"SI"
"SI1EA","B","Wydział Informatyki Stosowanej","Wyższa Szkoła Informatyki i Zarządzania w Rzeszowie",3,0,0,0,26.1,0,"SI"
"SI1EA","B","Wydział Elektrotechniki i Informatyki","Politechnika Rzeszowska im. Ignacego Łukasiewicza",3,0,0,0,108,0,"SI"
"SI1EA","A","Wydział Elektryczny","Zachodniopomorski Uniwersytet Technologiczny w 
Szczecinie",4,0,0,0,82.1,0,"SI"
"SI1EA","A","Wydział Elektryczny","Politechnika Częstochowska",9,0,0,0,72.17,0,"SI"
"SI1EA","B","Wydział Elektroniki i Informatyki","Politechnika Koszalińska",7,0,0,0,42.75,0,"SI"
"SI1EA","A","Wydział Elektrotechniki i Informatyki","Politechnika Lubelska",2,0,0,0,95.5,0,"SI"
"SI1EA","B","Wydział Elektrotechniki, Automatyki i Informatyki","Politechnika Świętokrzyska",2,0,0,0,67,0,"SI"
"SI1EA","B","Wydział Telekomunikacji, Informatyki i Elektrotechniki","Uniwersytet Technologiczno-Przyrodniczy im. Jana i 
Jędrzeja Śniadeckich w Bydgoszczy",1,0,0,0,52,0,"SI"
"SI1EA","B","Wydział Elektroniki","Wojskowa Akademia Techniczna im. Jarosława 
Dąbrowskiego",2,0,0,0,91.75,0,"SI"
"SI1EA","C","Wydział Inżynierii Elektrycznej i Komputerowej","Politechnika Krakowska im. Tadeusza Kościuszki",1,0,0,0,72,0,"SI"
"SI1EA","B","Wydział Cybernetyki","Wojskowa Akademia Techniczna im. Jarosława 
Dąbrowskiego",3,0,0,0,111,0,"SI"
"SI1FA","A+","Wydział Fizyki","Uniwersytet Warszawski",65,39,0.6,24246732,241.38,100450.459855829,"SI"
"SI1FA","B","Wydział Matematyczno-Fizyczny","Uniwersytet Szczeciński",12,3,0.25,4228360,44.5,95019.3258426966,"SI"
"SI1FA","A+","Wydział Fizyki, Astronomii i Informatyki Stosowanej","Uniwersytet Jagielloński",66,35,0.53030303030303,15113479,227.05,66564.540850033,"SI"
"SI1FA","A","Wydział Fizyki","Uniwersytet w Białymstoku",6,2,0.333333333333333,2290090,35,65431.1428571429,"SI"
"SI1FA","A","Wydział Fizyki","Uniwersytet im. Adama Mickiewicza w Poznaniu",32,13,0.40625,6977289,152.3,45812.7971109652,"SI"
"SI1FA","A","Wydział Podstawowych Problemów Techniki","Politechnika Wrocławska",38,16,0.421052631578947,8450452,192.66,43861.9952247483,"SI"
"SI1FA","A","Wydział Fizyki","Politechnika Warszawska",26,5,0.192307692307692,3778986,88.9,42508.2789651294,"SI"
"SI1FA","A","Wydział Fizyki i Astronomii","Uniwersytet Zielonogórski",15,3,0.2,1266270,34,37243.2352941177,"SI"
"SI1FA","A","Wydział Fizyki, Astronomii i Informatyki Stosowanej","Uniwersytet Mikołaja Kopernika w Toruniu",30,7,0.233333333333333,4812972,137.5,35003.4327272727,"SI"
"SI1FA","B","Wydział Fizyki Technicznej i Matematyki Stosowanej","Politechnika Gdańska",14,1,0.0714285714285714,1499220,68,22047.3529411765,"SI"
"SI1FA","A","Wydział Matematyki, Fizyki i Chemii","Uniwersytet Śląski w Katowicach",36,11,0.305555555555556,4629855,220.5,20997.074829932,"SI"
"SI1FA","A","Wydział Fizyki i Informatyki Stosowanej","Uniwersytet Łódzki",7,2,0.285714285714286,1200410,59,20345.9322033898,"SI"
"SI1FA","A+","Wydział Fizyki i Informatyki Stosowanej","Akademia Górniczo-Hutnicza im. Stanisława Staszica w 
Krakowie",24,7,0.291666666666667,2478087,144,17208.9375,"SI"
"SI1FA","A","Wydział Fizyki i Astronomii","Uniwersytet Wrocławski",23,4,0.173913043478261,1566475,94.5,16576.455026455,"SI"
"SI1FA","A","Wydział Matematyki, Fizyki i Informatyki","Uniwersytet Gdański",9,4,0.444444444444444,1656910,103,16086.5048543689,"SI"
"SI1FA","B","Wydział Matematyki, Fizyki i Informatyki","Uniwersytet Opolski",9,1,0.111111111111111,672512,48,14010.6666666667,"SI"
"SI1FA","B","Wydział Matematyczno-Przyrodniczy","Uniwersytet Jana Kochanowskiego w Kielcach",23,5,0.217391304347826,2084970,161,12950.1242236025,"SI"
"SI1FA","B","Wydział Matematyczno-Przyrodniczy","Akademia im. Jana Długosza w Częstochowie",18,3,0.166666666666667,952110,121,7868.67768595041,"SI"
"SI1FA","B","Wydział Fizyki Technicznej","Politechnika Poznańska",15,3,0.2,291130,45,6469.55555555556,"SI"
"SI1FA","B","Wydział Matematyczno-Przyrodniczy","Uniwersytet Rzeszowski",9,2,0.222222222222222,722560,133.5,5412.43445692884,"SI"
"SI1FA","B","Wydział Matematyki, Fizyki i Techniki","Uniwersytet Kazimierza Wielkiego",7,1,0.142857142857143,472500,96,4921.875,"SI"
"SI1FA","A","Instytut Fizyki - Centrum Naukowo-Dydaktyczne","Politechnika Śląska",4,1,0.25,49000,38,1289.47368421053,"SI"
"SI1FA","B","Środowiskowe Laboratorium Ciężkich Jonów","Uniwersytet Warszawski",2,0,0,0,29,0,"SI"
"SI1FA","C","Wydział Fizyki, Matematyki i Informatyki","Politechnika Krakowska im. Tadeusza Kościuszki",4,0,0,0,108,0,"SI"
"SI1FA","B","Wydział Matematyczno-Przyrodniczy","Uniwersytet Kardynała Stefana Wyszyńskiego w 
Warszawie",2,0,0,0,47,0,"SI"
"SI2EA","A","","Instytut Informatyki Teoretycznej i Stosowanej PAN",7,2,0.285714285714286,750774,30,25025.8,"SI"
"SI2EA","A","","Instytut Podstaw Informatyki PAN",5,4,0.8,679640,47.55,14293.1650893796,"SI"
"SI2EA","A","","Instytut Badań Systemowych PAN",6,1,0.166666666666667,498755,61.8,8070.46925566343,"SI"
"SI2EA","A","","Instytut Biocybernetyki i Inżynierii Biomedycznej im. 
Macieja Nałęcza PAN",19,1,0.0526315789473684,150000,69.98,2143.46956273221,"SI"
"SI2FA","A+","","Centrum Astronomiczne im. Mikołaja Kopernika PAN",22,12,0.545454545454545,5683180,51.5,110353.009708738,"SI"
"SI2FA","A","","Instytut Fizyki PAN",42,25,0.595238095238095,21599643,258.22,83648.2185733096,"SI"
"SI2FA","A+","","Instytut Fizyki Jądrowej im. Henryka Niewodniczańskiego
PAN",61,23,0.377049180327869,18489304,350.6,52736.1779806047,"SI"
"SI2FA","A","","Centrum Fizyki Teoretycznej PAN",7,4,0.571428571428571,1190920,23,51779.1304347826,"SI"
"SI2FA","A+","","Instytut Niskich Temperatur i Badań Strukturalnych im. 
Włodzimierza Trzebiatowskiego PAN",21,5,0.238095238095238,4107565,105.05,39101.0471204189,"SI"
"SI2FA","A","","Centrum Badań Kosmicznych PAN",21,4,0.19047619047619,1890728,60,31512.1333333333,"SI"
"SI2FA","A","","Instytut Fizyki Molekularnej PAN",12,1,0.0833333333333333,1098500,87.75,12518.5185185185,"SI"
"SI2FA","A","","Instytut Wysokich Ciśnień PAN",15,3,0.2,926196,81,11434.5185185185,"SI"
"SI1GE","A","Wydział Mechaniczny Energetyki i Lotnictwa","Politechnika Warszawska",35,8,0.228571428571429,3024614,133.7,22622.3934181002,"SI"
"SI1GE","A","Wydział Energetyki i Paliw","Akademia Górniczo-Hutnicza im. Stanisława Staszica w 
Krakowie",12,4,0.333333333333333,1571058,99,15869.2727272727,"SI"
"SI1GE","A","Wydział Geoinżynierii, Górnictwa i Geologii","Politechnika Wrocławska",13,2,0.153846153846154,574590,57.5,9992.86956521739,"SI"
"SI1GE","B","Wydział Geodezji i Gospodarki Przestrzennej","Uniwersytet Warmińsko-Mazurski w Olsztynie",9,3,0.333333333333333,1145636,129,8880.8992248062,"SI"
"SI1GE","A","Wydział Inżynierii Środowiska i Energetyki","Politechnika Śląska",29,3,0.103448275862069,968488,200,4842.44,"SI"
"SI1GE","B","Wydział Inżynierii Lądowej i Geodezji","Wojskowa Akademia Techniczna im. Jarosława 
Dąbrowskiego",2,1,0.5,99800,57.8,1726.64359861592,"SI"
"SI1GE","B","Wydział Geodezji i Kartografii","Politechnika Warszawska",2,1,0.5,75440,72,1047.77777777778,"SI"
"SI1GE","B","Wydział Geodezji Górniczej i Inżynierii Środowiska","Akademia Górniczo-Hutnicza im. Stanisława Staszica w 
Krakowie",4,0,0,0,114.17,0,"SI"
"SI1GE","B","Wydział Transportu i Elektrotechniki","Uniwersytet Technologiczno-Humanistyczny im. 
Kazimierza Pułaskiego w Radomiu",31,0,0,0,67,0,"SI"
"SI1GE","A","Wydział Maszyn Roboczych i Transportu","Politechnika Poznańska",8,0,0,0,132.5,0,"SI"
"SI1GE","B","Wydział Górnictwa i Geologii","Politechnika Śląska",5,0,0,0,142.5,0,"SI"
"SI1GE","B","Wydział Transportu","Politechnika Warszawska",3,0,0,0,77,0,"SI"
"SI1GE","B","Wydział Nawigacyjny","Akademia Morska w Szczecinie",6,0,0,0,80.5,0,"SI"
"SI1GE","B","Wydział Górnictwa i Geoinżynierii","Akademia Górniczo-Hutnicza im. Stanisława Staszica w 
Krakowie",5,0,0,0,165.5,0,"SI"
"SI1GE","B","Wydział Nawigacji i Uzbrojenia Okrętowego","Akademia Marynarki Wojennej im. Bohaterów 
Westerplatte",7,0,0,0,33,0,"SI"
"SI1GE","A","Wydział Wiertnictwa, Nafty i Gazu","Akademia Górniczo-Hutnicza im. Stanisława Staszica w 
Krakowie",1,0,0,0,58,0,"SI"
"SI1GE","B","Wydział Inżynieryjno-Ekonomiczny Transportu","Akademia Morska w Szczecinie",1,0,0,0,49,0,"SI"
"SI1GE","B","Wydział Nawigacyjny","Akademia Morska w Gdyni",1,0,0,0,43,0,"SI"
"SI2GE","A","","Instytut Mechaniki Górotworu PAN",4,1,0.25,399010,42,9500.2380952381,"SI"
"SI2GE","A","","Instytut Gospodarki Surowcami Mineralnymi i Energią 
PAN",1,0,0,0,60.2,0,"SI"
"SI3EG","A+","","Instytut Chemii i Techniki Jądrowej",11,2,0.181818181818182,984400,99.13,9930.39443155452,"SI"
"SI3EG","A","","Narodowe Centrum Badań Jądrowych",19,6,0.315789473684211,2601865,417.36,6234.10245351735,"SI"
"SI3EG","A","","Instytut Nafty i Gazu",7,1,0.142857142857143,149860,206.55,725.538610505931,"SI"
"SI3EG","A","","Główny Instytut Górnictwa",6,0,0,0,286.8,0,"SI"
"SI3EG","A","","Instytut Fizyki Plazmy i Laserowej Mikrosyntezy im. 
Sylwestra Kaliskiego",2,0,0,0,54.58,0,"SI"
"SI3EG","A","","Instytut Chemicznej Przeróbki Węgla",2,0,0,0,91.75,0,"SI"
"SI3EG","B","","Instytut Technik Innowacyjnych EMAG",1,0,0,0,131.92,0,"SI"
"SI3EG","B","","Poltegor - Instytut Górnictwa Odkrywkowego",1,0,0,0,49,0,"SI"
"SI1IM","A+","Wydział Inżynierii Materiałowej","Politechnika Warszawska",19,10,0.526315789473684,4528530,41,110451.951219512,"SI"
"SI1IM","A","Wydział Nowych Technologii i Chemii","Wojskowa Akademia Techniczna im. Jarosława 
Dąbrowskiego",45,13,0.288888888888889,6944209,90.85,76435.9823885526,"SI"
"SI1IM","A","Wydział Technologii Materiałowych i Wzornictwa 
Tekstyliów","Politechnika Łódzka",14,3,0.214285714285714,2702220,69,39162.6086956522,"SI"
"SI1IM","B","Wydział Inżynierii Procesowej i Ochrony Środowiska","Politechnika Łódzka",14,5,0.357142857142857,2334530,67,34843.7313432836,"SI"
"SI1IM","A","Wydział Inżynierii Materiałowej i Ceramiki","Akademia Górniczo-Hutnicza im. Stanisława Staszica w 
Krakowie",44,12,0.272727272727273,3867064,111,34838.4144144144,"SI"
"SI1IM","A","Wydział Inżynierii Chemicznej i Procesowej","Politechnika Warszawska",17,5,0.294117647058824,1350170,44,30685.6818181818,"SI"
"SI1IM","A","Wydział Metali Nieżelaznych","Akademia Górniczo-Hutnicza im. Stanisława Staszica w 
Krakowie",14,2,0.142857142857143,1658023,67,24746.6119402985,"SI"
"SI1IM","B","Wydział Inżynierii Metali i Informatyki Przemysłowej","Akademia Górniczo-Hutnicza im. Stanisława Staszica w 
Krakowie",49,9,0.183673469387755,4070554,165,24670.0242424242,"SI"
"SI1IM","B","Wydział Technologii i Inżynierii Chemicznej","Uniwersytet Technologiczno-Przyrodniczy im. Jana i 
Jędrzeja Śniadeckich w Bydgoszczy",16,3,0.1875,1104192,77,14340.1558441558,"SI"
"SI1IM","B","Wydział Inżynierii Materiałowej i Metalurgii","Politechnika Śląska",15,2,0.133333333333333,1381279,99,13952.3131313131,"SI"
"SI1IM","B","Wydział Odlewnictwa","Akademia Górniczo-Hutnicza im. Stanisława Staszica w 
Krakowie",15,2,0.133333333333333,948390,75,12645.2,"SI"
"SI1IM","B","Wydział Inżynierii i Technologii Chemicznej","Politechnika Krakowska im. Tadeusza Kościuszki",13,2,0.153846153846154,1314125,113,11629.4247787611,"SI"
"SI1IM","B","Wydział Inżynierii Produkcji i Technologii Materiałów","Politechnika Częstochowska",9,1,0.111111111111111,581552,103,5646.1359223301,"SI"
"SI1IM","B","Wydział Informatyki i Nauki o Materiałach","Uniwersytet Śląski w Katowicach",17,1,0.0588235294117647,461970,109,4238.25688073394,"SI"
"SI1IM","B","Wydział Chemiczny","Politechnika Rzeszowska im. Ignacego Łukasiewicza",3,1,0.333333333333333,208000,95,2189.47368421053,"SI"
"SI1IM","B","Wydział Inżynierii Środowiska i Biotechnologii","Politechnika Częstochowska",6,2,0.333333333333333,150000,72,2083.33333333333,"SI"
"SI1IM","B","Wydział Inżynierii Środowiska, Geomatyki i Energetyki","Politechnika Świętokrzyska",3,0,0,0,45,0,"SI"
"SI1IM","B","Wydział Materiałoznawstwa, Technologii i Wzornictwa","Uniwersytet Technologiczno-Humanistyczny im. 
Kazimierza Pułaskiego w Radomiu",4,0,0,0,25,0,"SI"
"SI1IM","B","Wydział Nauk o Materiałach i Środowisku","Akademia Techniczno-Humanistyczna w Bielsku-Białej",3,0,0,0,55,0,"SI"
"SI1IM","B","Wydział Inżynierii Środowiska","Politechnika Lubelska",3,0,0,0,34,0,"SI"
"SI2IM","A","","Instytut Metalurgii i Inżynierii Materiałowej im. 
Aleksandra Krupkowskiego PAN",23,10,0.434782608695652,3111402,61.75,50387.0769230769,"SI"
"SI1MH","A","Wydział Mechaniczny","Politechnika Łódzka",39,9,0.230769230769231,6967724,184,37868.0652173913,"SI"
"SI1MH","A","Wydział Mechatroniki","Politechnika Warszawska",15,5,0.333333333333333,1847507,92.54,19964.4153879403,"SI"
"SI1MH","A","Wydział Mechaniczny Technologiczny","Politechnika Śląska",40,5,0.125,3771235,203.95,18490.9781809267,"SI"
"SI1MH","A","Wydział Mechaniczny","Politechnika Lubelska",16,2,0.125,1221200,129,9466.66666666667,"SI"
"SI1MH","A","Wydział Budowy Maszyn i Zarządzania","Politechnika Poznańska",14,5,0.357142857142857,1219094,144.35,8445.40353307932,"SI"
"SI1MH","B","Wydział Inżynierii Mechanicznej i Informatyki","Politechnika Częstochowska",23,3,0.130434782608696,1218560,162,7521.97530864198,"SI"
"SI1MH","B","Wydział Mechaniczny","Akademia Morska w Gdyni",4,1,0.25,479720,64,7495.625,"SI"
"SI1MH","A","Wydział Mechaniczny","Politechnika Wrocławska",20,2,0.1,1603220,250.31,6404.93787703248,"SI"
"SI1MH","B","Wydział Mechaniczny","Politechnika Gdańska",6,1,0.166666666666667,317590,72.58,4375.72333976302,"SI"
"SI1MH","B","Wydział Mechaniczno-Energetyczny","Politechnika Wrocławska",6,1,0.166666666666667,397200,93,4270.96774193548,"SI"
"SI1MH","A","Wydział Mechaniczny","Politechnika Białostocka",16,1,0.0625,317300,87,3647.12643678161,"SI"
"SI1MH","B","Wydział Inżynierii Produkcji","Politechnika Warszawska",5,1,0.2,292000,107.6,2713.75464684015,"SI"
"SI1MH","B","Wydział Mechaniczny","Politechnika Krakowska im. Tadeusza Kościuszki",10,2,0.2,630087,278.5,2262.43087971275,"SI"
"SI1MH","A","Wydział Mechaniczny","Politechnika Opolska",6,2,0.333333333333333,152792,81.15,1882.83425754775,"SI"
"SI1MH","B","Wydział Budowy Maszyn i Lotnictwa","Politechnika Rzeszowska im. Ignacego Łukasiewicza",11,2,0.181818181818182,299500,200,1497.5,"SI"
"SI1MH","A","Instytut Technologii i Edukacji","Politechnika Koszalińska",5,1,0.2,62448,57,1095.57894736842,"SI"
"SI1MH","A","Wydział Inżynierii Mechanicznej i Robotyki","Akademia Górniczo-Hutnicza im. Stanisława Staszica w 
Krakowie",21,0,0,0,219.83,0,"SI"
"SI1MH","A","Wydział Inżynierii Biomedycznej","Politechnika Śląska",5,0,0,0,43,0,"SI"
"SI1MH","B","Wydział Zarządzania i Modelowania Komputerowego","Politechnika Świętokrzyska",1,0,0,0,47,0,"SI"
"SI1MH","A","Wydział Inżynierii Mechanicznej i Mechatroniki","Zachodniopomorski Uniwersytet Technologiczny w 
Szczecinie",3,0,0,0,99.05,0,"SI"
"SI1MH","B","Wydział Mechaniczny","Politechnika Koszalińska",5,0,0,0,92,0,"SI"
"SI1MH","B","Wydział Inżynierii Mechanicznej","Uniwersytet Technologiczno-Przyrodniczy im. Jana i 
Jędrzeja Śniadeckich w Bydgoszczy",5,0,0,0,88,0,"SI"
"SI1MH","B","Wydział Mechaniczny","Uniwersytet Zielonogórski",3,0,0,0,63,0,"SI"
"SI1MH","B","Wydział Mechaniczno-Elektryczny","Akademia Marynarki Wojennej im. Bohaterów 
Westerplatte",5,0,0,0,49,0,"SI"
"SI1MH","B","Wydział Budowy Maszyn i Informatyki","Akademia Techniczno-Humanistyczna w Bielsku-Białej",1,0,0,0,78,0,"SI"
"SI1MH","B","Wydział Techniki Morskiej i Transportu","Zachodniopomorski Uniwersytet Technologiczny w 
Szczecinie",2,0,0,0,36.5,0,"SI"
"SI1MH","B","Wydział Oceanotechniki i Okrętownictwa","Politechnika Gdańska",2,0,0,0,73,0,"SI"
"SI1MH","B","Wydział Mechatroniki i Lotnictwa","Wojskowa Akademia Techniczna im. Jarosława 
Dąbrowskiego",1,0,0,0,82.43,0,"SI"
"SI1MH","B","Wydział Samochodów i Maszyn Roboczych","Politechnika Warszawska",4,0,0,0,111.03,0,"SI"
"SI1MH","B","Wydział Podstaw Techniki","Politechnika Lubelska",2,0,0,0,26,0,"SI"
"SI1MH","B","Wydział Mechaniczny","Uniwersytet Technologiczno-Humanistyczny im. 
Kazimierza Pułaskiego w Radomiu",1,0,0,0,91,0,"SI"
"SI1MH","B","Wydział Lotnictwa","Wyższa Szkoła Oficerska Sił Powietrznych",1,0,0,0,40,0,"SI"
"SI2MH","A+","","Instytut Podstawowych Problemów Techniki PAN",30,10,0.333333333333333,4597704,147,31276.8979591837,"SI"
"SI2MH","A","","Instytut Maszyn Przepływowych im. Roberta 
Szewalskiego PAN",18,6,0.333333333333333,2418749,121,19989.6611570248,"SI"
"SI1MI","A+","Wydział Matematyki, Informatyki i Mechaniki","Uniwersytet Warszawski",47,29,0.617021276595745,9770438,171.5,56970.4839650146,"SI"
"SI1MI","A+","Wydział Matematyki i Informatyki","Uniwersytet Jagielloński",54,11,0.203703703703704,5165306,103,50148.6019417476,"SI"
"SI1MI","A","Wydział Matematyki i Informatyki","Uniwersytet Wrocławski",20,15,0.75,3889755,97,40100.5670103093,"SI"
"SI1MI","A","Wydział Matematyki i Informatyki","Uniwersytet im. Adama Mickiewicza w Poznaniu",14,9,0.642857142857143,2712380,104.3,26005.5608820709,"SI"
"SI1MI","A","Wydział Matematyki i Informatyki","Uniwersytet Mikołaja Kopernika w Toruniu",13,6,0.461538461538462,1607960,62.5,25727.36,"SI"
"SI1MI","A","Wydział Fizyki Technicznej, Informatyki i Matematyki 
Stosowanej","Politechnika Łódzka",12,4,0.333333333333333,1825616,88,20745.6363636364,"SI"
"SI1MI","A","Wydział Matematyki i Nauk Informacyjnych","Politechnika Warszawska",10,4,0.4,1296930,69,18796.0869565217,"SI"
"SI1MI","A","Wydział Matematyki, Informatyki i Ekonometrii","Uniwersytet Zielonogórski",6,2,0.333333333333333,354906,45,7886.8,"SI"
"SI1MI","A","Wydział Matematyki i Fizyki Stosowanej","Politechnika Rzeszowska im. Ignacego Łukasiewicza",4,1,0.25,382200,53,7211.32075471698,"SI"
"SI1MI","B","Wydział Matematyki i Informatyki","Uniwersytet Łódzki",7,2,0.285714285714286,310170,73,4248.90410958904,"SI"
"SI1MI","B","Wydział Matematyki Stosowanej","Politechnika Śląska",2,1,0.5,70000,36,1944.44444444444,"SI"
"SI1MI","A","Wydział Matematyki Stosowanej","Akademia Górniczo-Hutnicza im. Stanisława Staszica w 
Krakowie",11,1,0.0909090909090909,120000,64,1875,"SI"
"SI1MI","C","Wydział Matematyki i Informatyki","Uniwersytet w Białymstoku",2,1,0.5,98340,57,1725.26315789474,"SI"
"SI1MI","C","Wydział Matematyki, Informatyki i Architektury 
Krajobrazu","Katolicki Uniwersytet Lubelski Jana Pawła II",5,0,0,0,53,0,"SI"
"SI1MI","B","Wydział Matematyczno-Fizyczno-Techniczny","Uniwersytet Pedagogiczny im. Komisji Edukacji 
Narodowej w Krakowie",14,0,0,0,106,0,"SI"
"SI1MI","B","Wydział Matematyki i Informatyki","Uniwersytet Warmińsko-Mazurski w Olsztynie",4,0,0,0,67,0,"SI"
"SI2MI","A+","","Instytut Matematyczny PAN",28,17,0.607142857142857,9080460,81.25,111759.507692308,"SI"
"SI3EI","B","","Instytut Napędów i Maszyn Elektrycznych KOMEL",4,1,0.25,789500,18.9,41772.4867724868,"SI"
"SI3EI","A+","","Instytut Technologii Elektronowej",20,3,0.15,1498380,118.7,12623.251895535,"SI"
"SI3EI","B","","Instytut Elektrotechniki",8,2,0.25,174900,177.1,987.577639751553,"SI"
"SI3EI","A","","Przemysłowy Instytut Automatyki i Pomiarów PIAP",2,1,0.5,49990,115.2,433.940972222222,"SI"
"SI3EI","B","","Instytut Łączności - Państwowy Instytut Badawczy",1,0,0,0,125.6,0,"SI"
"SI3EI","B","","Instytut Maszyn Matematycznych",2,0,0,0,20.25,0,"SI"
"SI3EI","B","","Instytut Optyki Stosowanej",2,0,0,0,21.46,0,"SI"
"SI3EI","B","","Instytut Techniki i Aparatury Medycznej ITAM",5,0,0,0,19.63,0,"SI"
"SI3EI","A","","Instytut Tele- i Radiotechniczny",2,0,0,0,104.4,0,"SI"
"SI3EI","B","","Wojskowy Instytut Łączności im. prof. dr. hab. Janusza 
Groszkowskiego",1,0,0,0,71,0,"SI"
"SI3IO","B","","Instytut Geodezji i Kartografii",3,0,0,0,41.87,0,"SI"
"SI3IO","A","","Instytut Badawczy Dróg i Mostów",2,0,0,0,103,0,"SI"
"SI3IO","B","","Instytut Ceramiki i Materiałów Budowlanych",5,0,0,0,181.85,0,"SI"
"SI3IO","B","","Instytut Gospodarki Przestrzennej i Mieszkalnictwa",1,0,0,0,26.1,0,"SI"
"SI3IO","B","","Instytut Meteorologii i Gospodarki Wodnej - Państwowy 
Instytut Badawczy",11,0,0,0,51,0,"SI"
"SI3IO","B","","Instytut Rozwoju Miast",6,0,0,0,33.3,0,"SI"
"SI3MU","B","","Instytut Mechaniki Precyzyjnej",3,0,0,0,89.1,0,"SI"
"SI3MU","B","","Instytut Obróbki Plastycznej",2,0,0,0,56.25,0,"SI"
"SI3MU","A","","Instytut Techniczny Wojsk Lotniczych",3,0,0,0,340,0,"SI"
"SI3MU","A","","Instytut Technologii Eksploatacji - Państwowy Instytut 
Badawczy",2,0,0,0,96,0,"SI"
"SI3MU","B","","Instytut Zaawansowanych Technologii Wytwarzania",1,0,0,0,65,0,"SI"
"SI3MU","B","","Przemysłowy Instytut Maszyn Rolniczych",1,0,0,0,76.35,0,"SI"
"SI3MU","B","","Wojskowy Instytut Techniki Pancernej i Samochodowej",2,0,0,0,33.75,0,"SI"
"SI3TB","A","","Instytut Transportu Samochodowego",2,1,0.5,145600,65,2240,"SI"
"SI3TB","A","","Ośrodek Przetwarzania Informacji",5,1,0.2,134175,69.35,1934.75126171593,"SI"
"SI3TB","B","","Centralne Laboratorium Ochrony Radiologicznej",1,0,0,0,18.43,0,"SI"
"SI3TB","A","","Instytut Lotnictwa",4,0,0,0,936.3,0,"SI"
"SI3TB","B","","Wojskowy Instytut Chemii i Radiometrii",1,0,0,0,46.05,0,"SI"
"SI3TM","A","","Instytut Odlewnictwa",12,3,0.25,1613150,124,13009.2741935484,"SI"
"SI4TM","C","","Fundacja Uniwersytetu im. A. Mickiewicza Poznański 
Park NaukowoTechnologiczny",1,1,1,318660,33,9656.36363636364,"SI"
"SI3TM","B","","Instytut Inżynierii Materiałów Polimerowych i 
Barwników",4,1,0.25,460000,55,8363.63636363636,"SI"
"SI3TM","B","","Instytut Chemii Przemysłowej im. prof. Ignacego 
Mościckiego",5,1,0.2,1118800,144.05,7766.74765706352,"SI"
"SI3TM","B","","Instytut Metali Nieżelaznych",11,5,0.454545454545455,1375680,214,6428.41121495327,"SI"
"SI3TM","A","","Instytut Nawozów Sztucznych",2,0,0,0,42,0,"SI"
"SI3TM","B","","CORBO - Instytut Badawczy Opakowań",1,0,0,0,28,0,"SI"
"SI3TM","A","","Instytut Ciężkiej Syntezy Organicznej ""Blachownia""",2,0,0,0,105.55,0,"SI"
"SI3TM","A","","Instytut Metalurgii Żelaza im. Stanisława Staszica",5,0,0,0,78.8,0,"SI"
"SI3TM","B","","Instytut Przemysłu Skórzanego",2,0,0,0,42.26,0,"SI"
"SI3TM","A","","Instytut Włókiennictwa",4,0,0,0,79.36,0,"SI"
"TA1MZ","B","Wydział Dyrygentury, Kompozycji i Teorii Muzyki","Akademia Muzyczna im. Stanisława Moniuszki w 
Gdańsku",1,0,0,0,24,0,"TA"
"TA1MZ","B","Wydział Wokalno-Aktorski","Akademia Muzyczna im. Ignacego Jana Paderewskiego w
Poznaniu",1,0,0,0,19,0,"TA"
"TA1MZ","A","Wydział Dyrygentury Chóralnej, Edukacji Muzycznej i 
Rytmiki","Akademia Muzyczna im. Stanisława Moniuszki w 
Gdańsku",1,0,0,0,37,0,"TA"
"TA1MZ","A+","Wydział Twórczości, Interpretacji i Edukacji Muzycznej","Akademia Muzyczna w Krakowie",1,0,0,0,47,0,"TA"
"TA1MZ","B","Wydział Instrumentalny","Akademia Muzyczna w Krakowie",1,0,0,0,84.75,0,"TA"
"TA1PK","A+","Wydział Konserwacji i Restauracji Dzieł Sztuki","Akademia Sztuk Pięknych w Warszawie",6,3,0.5,1091790,56,19496.25,"TA"
"TA1PK","A","Wydział Sztuk Pięknych","Uniwersytet Mikołaja Kopernika w Toruniu",1,1,1,467500,127,3681.10236220472,"TA"
"TA1PK","B","Wydział Konserwacji i Restauracji Dzieł Sztuki","Akademia Sztuk Pięknych im. Jana Matejki w Krakowie",3,0,0,0,35,0,"TA"
"TA1PK","B","Wydział Sztuki","Akademia im. Jana Długosza w Częstochowie",3,0,0,0,47,0,"TA"
"TA1PK","A","Wydział Pedagogiczny i Artystyczny","Uniwersytet Jana Kochanowskiego w Kielcach",4,0,0,0,98,0,"TA"
"TA1PK","B","Wydział Grafiki","Akademia Sztuk Pięknych im. Jana Matejki w Krakowie",2,0,0,0,44,0,"TA"
"TA1PK","A","Wydział Intermediów","Akademia Sztuk Pięknych im. Jana Matejki w Krakowie",1,0,0,0,12,0,"TA"
"TA1PK","A","Wydział Pedagogiczno-Artystyczny w Kaliszu","Uniwersytet im. Adama Mickiewicza w Poznaniu",1,0,0,0,65,0,"TA"
"TA1PK","A","Wydział Artystyczny","Uniwersytet Marii Curie-Skłodowskiej",3,0,0,0,100.5,0,"TA"
"TA1PK","A","Wydział Grafiki i Sztuki Mediów","Akademia Sztuk Pięknych im. Eugeniusza Gepperta we 
Wrocławiu",3,0,0,0,38.1,0,"TA"
"TA1PK","B","Wydział Artystyczny w Cieszynie","Uniwersytet Śląski w Katowicach",1,0,0,0,101,0,"TA"
"TA1PK","B","Wydział Sztuki","Uniwersytet Warmińsko-Mazurski w Olsztynie",2,0,0,0,45,0,"TA"
"TA1PK","B","Wydział Malarstwa","Akademia Sztuk Pięknych im. Jana Matejki w Krakowie",1,0,0,0,46,0,"TA"
"TA1PK","B","Wydział Rzeźby","Akademia Sztuk Pięknych im. Jana Matejki w Krakowie",1,0,0,0,28,0,"TA"
"TA1PK","B","Wydział Artystyczny","Uniwersytet Zielonogórski",1,0,0,0,46,0,"TA"
"TA1PK","A","Wydział Edukacji Artystycznej","Uniwersytet Artystyczny w Poznaniu",1,0,0,0,19,0,"TA"
"TA1PR","B","Wydział Projektowy","Akademia Sztuk Pięknych w Katowicach",2,0,0,0,31,0,"TA"
"TA1PR","C","Wydział Architektury i Wzornictwa","Akademia Sztuk Pięknych w Gdańsku",1,0,0,0,42,0,"TA"
"TA1TF","B","Wydział Radia i Telewizji im. K. Kieślowskiego","Uniwersytet Śląski w Katowicach",1,0,0,0,25,0,"TA"
"TA1TF","B","Wydział Wiedzy o Teatrze","Akademia Teatralna im. Aleksandra Zelwerowicza w 
Warszawie",1,0,0,0,17.7,0,"TA"
"TA1TF","A","Wydział Operatorski i Realizacji Telewizyjnej","Państwowa Wyższa Szkoła Filmowa, Telewizyjna i 
Teatralna im. Leona Schillera w Łodzi",1,0,0,0,74,0,"TA"
"TA1TF","A","Wydział Reżyserii Filmowej i Telewizyjnej","Państwowa Wyższa Szkoła Filmowa, Telewizyjna i 
Teatralna im. Leona Schillera w Łodzi",2,0,0,0,57,0,"TA"
"TA1TF","B","Wydział Aktorski","Państwowa Wyższa Szkoła Filmowa, Telewizyjna i 
Teatralna im. Leona Schillera w Łodzi",1,0,0,0,36,0,"TA"
"BRAK DANYCH",NA,"Małopolskie Centrum Biotechnologii","Uniwersytet Jagielloński",3,3,1,7782316,NA,NA,"--"
"BRAK DANYCH",NA,"Jagiellońskie Centrum Rozwoju Leków (JCET)","Uniwersytet Jagielloński",12,6,0.5,2087712,4,521928,"--"
"BRAK DANYCH",NA,"Centrum Studiów Niemieckich i Europejskich im. Willy 
Brandta","Uniwersytet Wrocławski",3,2,0.666666666666667,332721,6,55453.5,"--"
"BRAK DANYCH",NA,"Wydział Zamiejscowy w Katowicach","Uniwersytet SWPS",4,1,0.25,223860,NA,NA,"--"
"BRAK DANYCH",NA,"Instytut Kultury Europejskiej","Uniwersytet im. Adama Mickiewicza w Poznaniu",11,2,0.181818181818182,211478,28,7552.78571428571,"--"
"BRAK DANYCH",NA,"","Państwowa Wyższa Szkoła Zawodowa im. Angelusa 
Silesiusa w Wałbrzychu",1,1,1,162725,101,1611.13861386139,"--"
"BRAK DANYCH",NA,"Wydział Wychowania Fizycznego","Akademia Wychowania Fizycznego i Sportu im. Jędrzeja 
Śniadeckiego w Gdańsku",1,1,1,122866,117,1050.13675213675,"--"
"BRAK DANYCH",NA,"Wydział Biznesu","Akademia Finansów i Biznesu Vistula",1,0,0,0,NA,NA,"--"
"BRAK DANYCH",NA,"Akademickie Centrum Komputerowe Cyfronet AGH","Akademia Górniczo-Hutnicza im. Stanisława Staszica w 
Krakowie",1,0,0,0,NA,NA,"--"
"BRAK DANYCH",NA,"Biblioteka Główna","Akademia Muzyczna im. Ignacego Jana Paderewskiego w
Poznaniu",1,0,0,0,NA,NA,"--"
"BRAK DANYCH",NA,"Międzywydziałowy Instytut Nauk o Sztuce","Akademia Sztuk Pięknych w Gdańsku",1,0,0,0,13,0,"--"
"BRAK DANYCH",NA,"Instytut Badań Przestrzeni Publicznej","Akademia Sztuk Pięknych w Warszawie",1,0,0,0,NA,NA,"--"
"BRAK DANYCH",NA,"Wydział Zarządzania Sportem i Turystyką","Akademia Wychowania Fizycznego im. Jerzego Kukuczki 
w Katowicach",1,0,0,0,50,0,"--"
"BRAK DANYCH",NA,"Wydział Nauk Społecznych","Dolnośląska Wyższa Szkoła Przedsiębiorczości i Techniki 
w Polkowicach",1,0,0,0,NA,NA,"--"
"BRAK DANYCH",NA,"Wydział Turystyki i Promocji Zdrowia","Górnośląska Wyższa Szkoła Handlowa im. W. Korfantego 
w Katowicach",2,0,0,0,NA,NA,"--"
"BRAK DANYCH",NA,"Instytut Leksykografii","Katolicki Uniwersytet Lubelski Jana Pawła II",2,0,0,0,NA,NA,"--"
"BRAK DANYCH",NA,"","Kujawsko-Pomorska Szkoła Wyższa w Bydgoszczy",2,0,0,0,111,0,"--"
"BRAK DANYCH",NA,"Katedra Ekonomii i Studiów Europejskich","Małopolska Wyższa Szkoła Ekonomiczna w Tarnowie",1,0,0,0,NA,NA,"--"
"BRAK DANYCH",NA,"Instytut Inżynierii Technicznej","Państwowa Wyższa Szkoła Techniczno-Ekonomiczna im. 
ks. Bronisława Markiewicza w Jarosławiu",2,0,0,0,83,0,"--"
"BRAK DANYCH",NA,"Instytut Socjologii","Państwowa Wyższa Szkoła Wschodnioeuropejska w 
Przemyślu",1,0,0,0,NA,NA,"--"
"BRAK DANYCH",NA,"","Państwowa Wyższa Szkoła Zawodowa im. Prezydenta 
Stanisława Wojciechowskiego w Kaliszu",1,0,0,0,287,0,"--"
"BRAK DANYCH",NA,"","Państwowa Wyższa Szkoła Zawodowa im. prof. Edwarda 
F. Szczepanika w Suwałkach",1,0,0,0,NA,NA,"--"
"BRAK DANYCH",NA,"","Państwowa Wyższa Szkoła Zawodowa w Głogowie",1,0,0,0,63,0,"--"
"BRAK DANYCH",NA,"","Państwowa Wyższa Szkoła Zawodowa w Głogowie",1,0,0,0,NA,NA,"--"
"BRAK DANYCH",NA,"","Państwowa Wyższa Szkoła Zawodowa w Gorzowie 
Wielkopolskim",3,0,0,0,NA,NA,"--"
"BRAK DANYCH",NA,"Wydział Humanistyczny","Politechnika Koszalińska",5,0,0,0,14,0,"--"
"BRAK DANYCH",NA,"Biblioteka Politechniki Łódzkiej","Politechnika Łódzka",1,0,0,0,4,0,"--"
"BRAK DANYCH",NA,"Laboratorium Badań Materiałów dla Przemysłu 
Lotniczego","Politechnika Rzeszowska im. Ignacego Łukasiewicza",1,0,0,0,NA,NA,"--"
"BRAK DANYCH",NA,"Centrum Biotechnologii","Politechnika Śląska",4,0,0,0,NA,NA,"--"
"BRAK DANYCH",NA,"Studium Nauk Humanistycznych","Politechnika Wrocławska",3,0,0,0,17,0,"--"
"BRAK DANYCH",NA,"Ośrodek Badań Europejskich im. Józefa Retingera","Uniwersytet Ekonomiczny w Krakowie",3,0,0,0,NA,NA,"--"
"BRAK DANYCH",NA,"Centrum Doskonałości dla Zrównoważonego Rozwoju 
przy Uniwersytecie Ekonomicznym","Uniwersytet Ekonomiczny we Wrocławiu",1,0,0,0,NA,NA,"--"
"BRAK DANYCH",NA,"Centrum Zaawansowanych Technologii","Uniwersytet im. Adama Mickiewicza w Poznaniu",2,0,0,0,6,0,"--"
"BRAK DANYCH",NA,"Międzywydziałowa Pracownia Pytań Granicznych","Uniwersytet im. Adama Mickiewicza w Poznaniu",1,0,0,0,4,0,"--"
"BRAK DANYCH",NA,"Stacja Ekologiczna  w Jeziorach","Uniwersytet im. Adama Mickiewicza w Poznaniu",1,0,0,0,NA,NA,"--"
"BRAK DANYCH",NA,"Muzeum","Uniwersytet Jagielloński",1,0,0,0,NA,NA,"--"
"BRAK DANYCH",NA,"Uniwersyteckie Centrum Zdalnego Nauczania i Kursów 
Otwartych","Uniwersytet Marii Curie-Skłodowskiej",1,0,0,0,NA,NA,"--"
"BRAK DANYCH",NA,"Wydział Wychowania Fizycznego","Uniwersytet Rzeszowski",4,0,0,0,64,0,"--"
"BRAK DANYCH",NA,"Katedra Teologii Prawosławnej","Uniwersytet w Białymstoku",1,0,0,0,3,0,"--"
"BRAK DANYCH",NA,"Biblioteka Uniwersytecka","Uniwersytet Warszawski",1,0,0,0,15,0,"--"
"BRAK DANYCH",NA,"","Wyższa Szkoła Administracji Publicznej im. Stanisława 
Staszica w Białymstoku",3,0,0,0,NA,NA,"--"
"BRAK DANYCH",NA,"Wydział Pedagogiki i Nauk o Zdrowiu","Wyższa Szkoła Biznesu i Przedsiębiorczości w Ostrowcu 
Świętokrzyskim",1,0,0,0,NA,NA,"--"
"BRAK DANYCH",NA,"","Wyższa Szkoła Ekonomiczno-Społeczna w Ostrołęce",1,0,0,0,13,0,"--"
"BRAK DANYCH",NA,"","Wyższa Szkoła Ekonomii, Prawa i Nauk Medycznych im. 
prof. Edwarda Lipińskiego w Kielcach",1,0,0,0,70,0,"--"
"BRAK DANYCH",NA,"Wydział Informatyki i Zarządzania","Wyższa Szkoła Informatyki i Umiejętności w Łodzi",2,0,0,0,NA,NA,"--"
"BRAK DANYCH",NA,"","Wyższa Szkoła Przedsiębiorczości i Administracji w 
Lublinie",1,0,0,0,84,0,"--"
"BRAK DANYCH",NA,"","Wyższa Szkoła Techniczno-Ekonomiczna w Warszawie",1,0,0,0,10,0,"--"
"BRAK DANYCH",NA,"","Wyższa Szkoła Turystyki i Języków Obcych",1,0,0,0,NA,NA,"--"
"BRAK DANYCH",NA,"","Wyższa Szkoła Zarządzania i Administracji w Opolu",2,0,0,0,53,0,"--"
"BRAK DANYCH",NA,"","Wyższa Szkoła Zarządzania i Prawa im. Heleny 
Chodkowskiej",3,0,0,0,NA,NA,"--"
"BRAK DANYCH",NA,"","Zachodniopomorska Szkoła Biznesu",1,0,0,0,NA,NA,"--"
"BRAK DANYCH",NA,"Wydział Zamiejscowy Informatyki w Bytomiu","Polsko-Japońska Wyższa Szkoła Technik Komputerowych 
w Warszawie",1,0,0,0,NA,NA,"--"
"BRAK DANYCH",NA,"","Szczecińska Szkoła Wyższa Collegium Balticum",1,0,0,0,NA,NA,"--"
"BRAK DANYCH",NA,"","Wielkopolska Wyższa Szkoła Społeczno-Ekonomiczna w 
Środzie Wielkopolskiej",1,0,0,0,43,0,"--"
"BRAK DANYCH",NA,"","Zakład Antropologii PAN we Wrocławiu",1,0,0,0,NA,NA,"--"
"BRAK DANYCH",NA,"","Zakład Ichtiobiologii i Gospodarki Rybackiej PAN w 
Gołyszu",2,0,0,0,2,0,"--"
"BRAK DANYCH",NA,"","Wielkopolskie Centrum Onkologii",7,3,0.428571428571429,1689650,NA,NA,"--"
"BRAK DANYCH",NA,"","Ogród Botaniczny - Centrum Zachowania Różnorodności 
Biologicznej PAN w Powsinie",3,1,0.333333333333333,1340258,NA,NA,"--"
"BRAK DANYCH",NA,"","Krakowski Szpital Specjalistyczny im. Jana Pawła II",6,2,0.333333333333333,1286884,NA,NA,"--"
"BRAK DANYCH",NA,"","Apeiron Synthesis Sp. z o. o.",1,1,1,500700,NA,NA,"--"
"BRAK DANYCH",NA,"","Centrum Polsko-Rosyjskiego Dialogu i Porozumienia",3,1,0.333333333333333,476342,NA,NA,"--"
"BRAK DANYCH",NA,"","Projekt Nauka. Fundacja na rzecz promocji nauki polskiej",2,1,0.5,405512,NA,NA,"--"
"BRAK DANYCH","A","","Polska Akademia Umiejętności",6,1,0.166666666666667,405,NA,NA,"--"
"BRAK DANYCH",NA,"","Centrum Badań Ekologicznych PAN",4,1,0.25,351440,NA,NA,"--"
"BRAK DANYCH",NA,"","Muzeum Archeologiczne w Krakowie",2,2,1,336922,NA,NA,"--"
"BRAK DANYCH",NA,"","Towarzystwo Naukowe Katolickiego Uniwersytetu 
Lubelskiego Jana Pawła II",22,3,0.136363636363636,227425,NA,NA,"--"
"BRAK DANYCH",NA,"","Fundacja Onkologii Doświadczalnej i Klinicznej",9,1,0.111111111111111,149700,NA,NA,"--"
"BRAK DANYCH",NA,"","Muzeum Archeologiczne w Poznaniu",3,1,0.333333333333333,136850,NA,NA,"--"
"BRAK DANYCH",NA,"","Muzeum Starożytnego Hutnictwa Mazowieckiego im. 
Stefana Woydy",2,1,0.5,107110,NA,NA,"--"
"BRAK DANYCH",NA,"","Fundacja Patrimonium",1,1,1,98858,NA,NA,"--"
"BRAK DANYCH",NA,"","Polskie Centrum Studiów Afrykanistycznych",1,1,1,70397,NA,NA,"--"
"BRAK DANYCH",NA,"","Warszawska Metropolia Prawosławna - Polski 
Autokefaliczny Kościół  Prawosławny",1,1,1,56500,NA,NA,"--"
"BRAK DANYCH",NA,"","Szpital Kliniczny im. Heliodora Święcickiego 
Uniwersytetu Medycznego w Poznaniu",4,0,0,0,NA,NA,"--"
